x1,x2,prediccion
0.4969331456917598,-0.7749360921387167,1
-0.002262686950877688,1.6728534506486186,1
-0.7949698308027935,0.11629110932574982,1
-1.5695990443987857,-0.21790059590876307,0
-1.4745781299573897,-1.1776450063110937,0
1.1548613350299535,0.12244898170382358,1
1.554404145488048,1.1640316764218046,1
0.7906137519956339,0.27836405241733647,1
-0.8037141461006376,-1.3560750035356794,0
0.4644337170714429,-0.5126535519677682,1
0.7406668685831971,0.7039150586586362,1
1.5699826309178766,-0.9243632017317727,1
0.5921602814628579,-0.14295529601219922,1
1.925650000523274,-0.1525185950602366,1
-1.0043694688965483,1.4739310116451954,1
-0.305965746572851,0.838265959403613,1
0.7132034354220131,0.18363524136252146,1
-1.5354696786840336,0.326038183662588,1
-0.9381830594120321,-1.3132037263016627,0
1.7714578834992636,-0.17040591758548188,1
-0.4169017608450942,-0.11088746030742296,1
-0.11829142394065426,-1.5631541828706212,1
-1.0349532281721,0.606557821677279,1
-0.3614609302202695,1.3185267996927812,1
-1.3311117797529806,-0.0006488068768211975,1
1.7211071483277094,-0.5878989196366077,1
-0.9343131479331297,0.4330222420163879,1
1.1205113128812039,0.995675714644419,1
1.5276892013074712,1.1884426076128523,1
1.6964743870382957,0.23600989404694364,1
-1.4182267620774236,1.0562667414948563,1
0.7238440631812323,-0.12036221366401832,1
0.6313528919620465,0.1254676884877132,1
-0.8665219325634858,-1.2043323092123015,0
0.40934203347534526,0.5998519423768583,1
0.6539456093492217,0.05805472983281692,1
-1.666835842231094,-0.4863029557309189,0
0.034931746644948296,-0.04145313365088515,1
0.04144777869327254,-0.5900950535237351,1
-0.5461652393355184,1.0967689985388893,1
-1.301641762107394,1.0916129161674177,1
0.7016028904498103,-1.5982359897440288,1
1.8461839779314104,-0.1784244867667718,1
-0.40885933889351406,-1.9252112572210265,0
0.015657085361756785,-0.8649972637503686,1
1.2617052053918065,0.8918050271873154,1
-1.2721029695588286,1.234488425884064,1
-0.019774545197927727,1.8133511682261423,1
-0.2728693878096414,-0.035978057182196245,1
1.8146952560837937,-0.6143792590775091,1
-0.97877436389799,0.32358824776454215,1
0.013944437592850183,-1.8781716487936082,1
-0.9481333244849748,1.4494154311228902,1
0.9347344414838611,0.8696138372242599,1
1.0074937988714954,-1.5943578408902082,1
0.6935261739578279,-0.43600558617933166,1
0.8352851382884187,0.10523314863307222,1
-0.1258815898092779,-0.6069049699029089,1
1.475596895584076,-1.2508192677857102,1
-1.9067311404987708,-0.28706811116237446,0
0.3034213126866767,-0.42399940045480894,1
-0.1735355787842234,-1.3747455323863333,1
0.36882338134491505,-0.8925503115555302,1
-1.5680656275325575,0.2713443468038211,1
1.3841800660733603,-1.123529690645326,1
-1.3542149805901404,0.19672008198279212,1
-0.5707502483502689,1.1401745398252139,1
0.49639211138699735,1.6919353996179625,1
-1.250738373570888,-1.0728695307343756,0
-0.1811894931937601,0.8465938902270099,1
-1.0050185433858416,-0.22996406361819627,1
-0.08928654370526265,-1.5981579296105735,1
-0.2677847702758669,-1.8341477255194416,1
-0.7519040678359505,-0.8251089707563627,1
0.9809180746007607,0.7006291516147738,1
-1.3673323926997742,-0.3887653054602966,0
-1.3240652539183224,0.6944020031641396,1
1.2338057893861927,-1.525017661941397,1
-0.02048741495264518,1.6649268607763756,1
1.450631292938662,-0.7744249472933105,1
-0.6260817153836246,-1.5778306932507624,0
-0.5109267891333614,-0.6223206191635996,1
1.4202603169619776,1.3559555382308692,1
0.29126578046713114,1.1349498240187306,1
0.10912759914479232,-0.8292069978100716,1
-1.401454392236097,-0.16563588242742341,1
0.31592048725197847,1.681664525694396,1
-1.3446651458737218,-0.7961633540353242,0
-0.7239799307050715,-1.1152589895174447,1
0.42864057579995074,-1.4460951768441943,1
0.3944729511981605,-1.4932482424228848,1
0.8437639307565636,-1.6076756114953843,1
0.48513375872704323,0.36703553818396595,1
1.6488396715080076,-1.082946895349506,1
-0.358376628899615,1.2298113806040492,1
1.0497709209118162,-1.6448529799787381,1
-0.5253530901940585,0.21108741073717754,1
-1.0202975548649016,1.5355923113541536,1
-1.121121283231063,-0.9885393675839711,0
-0.5663008658775945,-0.6447902859591689,1
1.5462586757935328,-0.2126980690648864,1
0.8042270738703508,-0.5539789871169707,1
-0.7824323511208647,-0.8975266413101479,1
-1.7474932200590945,-0.15380000591641196,0
-0.4397190151241809,1.0895043477018356,1
0.30136094756744697,-0.9180094975487829,1
-0.825130645361871,-0.810275446560504,1
-1.7060198643516002,0.9186761980683538,1
1.1128912328048064,-0.7064872759732815,1
0.11822747183394453,-1.075489352055262,1
-0.8952540868931262,0.6361658005100431,1
-1.2776792193707405,-0.6629464955850729,0
-0.6763294309127805,-0.43289583091644285,1
-0.3288946891706882,-1.4130144015700268,1
0.21178999518648783,1.5841262926148973,1
0.01110522088399617,1.1883443529483892,1
0.25615293558682106,-0.44542740707097245,1
0.29423841403811923,0.6900784133457848,1
-1.5647492273785595,-0.9512714290214584,0
0.16461419568828106,0.5775966637578823,1
1.3470890371854414,-0.24791333790414394,1
-0.16646492940505278,1.0249302942100884,1
0.6286483595069959,0.9888461402670815,1
1.8130228958859773,0.27025171681866894,1
-0.984741185543379,0.22240456700243746,1
0.3111456768350016,1.0638418236445335,1
-1.3438141790424651,-0.3697840404069379,0
0.5590020123670797,0.5723318426177301,1
0.23288712753914334,-0.032056290332859,1
-0.5082012235960781,-0.8210767622180013,1
0.9380763451155628,-0.8824044348775115,1
0.4052927619019009,-1.5504437387363312,1
1.8363337985786021,-0.7026198340204548,1
1.5553041573833555,0.6186276837690603,1
-0.1941737120576185,1.95745975922317,1
0.6446094545106903,0.2570903009811283,1
0.3749995458000227,0.34775907690350977,1
0.7664036128211731,-1.762779745557784,1
-1.7349334226496995,-0.6371464525339379,0
0.650645345999231,-1.5115114939465406,1
-0.31884038354972605,0.5889412219795916,1
1.2198354458367369,0.43035140046963155,1
1.032317938801262,0.2345076437953768,1
-0.05156867910036361,0.8217832513466875,1
1.2468821506838514,0.5339423385138087,1
-0.5274932324334013,-0.43296116652497696,1
-0.9331786199402571,1.6905597909984595,1
1.3423442063418567,0.8483919320717417,1
1.3523815802704067,-1.1228012323177055,1
-0.86538293450748,-1.1314485398302858,0
-0.37983860150734244,-0.647984328245916,1
-0.09863000253564479,0.03113515343618257,1
-0.887175099893869,0.49923297851842974,1
1.7644602305036945,-0.6778147550417101,1
0.8019804725483654,-0.5478991297783423,1
0.9683639009642532,1.7382684942647166,1
-1.0043892718093526,-1.217327010195043,0
-1.4592215303131983,0.4536098756170638,1
0.1814378122797625,0.002053914680647273,1
0.9875405846983656,-0.3704894048095296,1
0.31370012867019864,-1.082092098129892,1
0.9437619365209967,-1.5312908560876899,1
0.9268786863171098,-0.7435565859252968,1
0.7561225539781347,1.4094996598713385,1
0.04273514339420555,0.8276945456003497,1
0.8708366161194757,0.014201723362219813,1
0.885238970300968,0.5413397948883664,1
0.6650833213220702,-0.9970433075674592,1
-1.5524942271652273,-0.7077739560573941,0
-1.0086104067369979,1.5215682679954654,1
0.15193463546056132,0.3237018939945,1
1.19914260754138,-0.03152261922774027,1
-0.33225158094197077,0.6827516688526845,1
0.3910891522352469,0.19465371766667813,1
-0.5655152303944246,1.4766723962326007,1
1.1157252764847205,-0.28246436011852466,1
0.09101598773245509,-1.5784540602085018,1
0.4498465955636638,-0.7670446683134373,1
1.1043556826355796,0.585860297560028,1
0.949657082505623,-1.604056269031246,1
0.8478823594168594,-0.5220760871014457,1
-0.179660467148028,0.3971224685977638,1
-0.3361618937180754,-1.7872497361398876,1
-1.1738047827564373,0.5805166096523282,1
-1.2675580339402455,-1.3334632027853164,0
0.4092392037430623,-0.43312025750392924,1
-1.6669279890402182,0.9686916055198501,1
0.9595589250057804,-1.192648609757084,1
-0.30289226433151234,0.7767084307254641,1
0.3649431678748054,-1.5525070999877335,1
-0.008909777249753817,1.6763200225250852,1
-1.5571496762212065,-0.12058266599201652,0
0.14524804962511556,1.6890974275160988,1
-0.9900960385656505,-0.6156867620407073,1
0.07070091029468416,-0.23969681780229402,1
-0.3084317964224689,0.3479884429574853,1
-1.1923998634739914,0.8419381932647257,1
0.6858103221800114,0.7618364925355801,1
-1.4454583490017625,1.0691336262264548,1
0.5946989185781337,1.0994137229182301,1
1.6947106796553437,0.6512164186141893,1
-0.5200437613586104,-1.4312436358443585,1
0.8389351029364415,-0.9707878306312399,1
1.2387624626286013,0.02500626636759424,1
1.4869866718714313,0.4177052137227035,1
-1.3507145776958764,0.806626773356031,1
-0.8145965352973761,-1.525329439860122,0
-0.9751576089854367,1.5183552729053473,1
1.9763152802416695,-0.21860111413641428,1
-0.8293369656390217,1.42552801583723,1
-0.326429551872672,0.5303564248110549,1
-0.16952258756414193,1.6307861794604008,1
1.0415076842464859,-0.43192906545330484,1
-0.3624914899546885,1.4859867477433408,1
0.1605491133654954,0.7381555700987644,1
1.5804069860182852,1.1446099548487916,1
-0.3964100139757766,-1.5740999803373237,1
-1.3541270180850076,1.2841137871612023,1
-0.9426249372074169,-0.06639212220879186,1
-0.3569184217961529,-0.5273562837799888,1
0.4856791684114104,-1.5008428018957647,1
1.7778019882657636,-0.4114487585781922,1
0.6224464023094783,-1.3101326985073924,1
-0.6123994689845038,-1.5574836119473578,0
-0.13619485249575955,1.8149676075304182,1
0.9780106372532704,-0.169553170156641,1
-0.7338336765766679,-1.8128887125314124,0
1.060169438391623,-0.3565058704365551,1
1.811979930381849,-0.391974723080643,1
-1.0050446871672685,-0.38947898935729547,1
0.05725064293784439,-1.0370927283387474,1
-0.09717681636809901,1.6415052241889703,1
0.7164554044055177,1.118876467710714,1
1.6655795556726396,-0.5528751753161204,1
0.028765508925887164,1.0362782657278318,1
1.3837437161243133,1.1391190559293427,1
0.08188029069744673,1.3549673027344393,1
-0.25739436873790406,-1.1281617527290433,1
0.2234316435444395,-0.3788030263188204,1
0.8599642457710783,0.5818340331609041,1
0.45025653224540113,-0.1260188831949365,1
-1.3304977781032907,-1.1050208771987302,0
-1.7286551673243362,-0.972737418973241,0
1.3655032043185595,1.1243525248274016,1
-0.5302206678746652,-1.6828345693717128,0
-0.6530598408497785,0.4767652135094514,1
0.5245997397462292,-1.505966849193047,1
1.8029479813220952,0.2597336003103594,1
-1.3874627299026692,-1.17302308951474,0
-1.1826083124235625,-0.7580715302524667,0
0.4119396778032119,-1.5539771501864996,1
1.9774589585553142,0.18961980001978507,1
0.5142540880538817,0.683991109381261,1
-0.4081959896331775,0.2654176442175366,1
-1.29474793795829,0.6684878076725547,1
0.7862449499534129,0.11714824305597507,1
-1.3009327574354668,0.6846934840180426,1
0.9890789321564917,1.1159768712471207,1
1.3995501287238332,-0.14710857892521384,1
1.441287484157617,0.8862241648549892,1
-0.42804742470370905,0.8626301832352342,1
-0.7686195735532109,1.098343732002729,1
-1.0244573955091079,-1.6751941591217663,0
1.2753021698014007,-0.609333222366749,1
-1.4390402142750427,-0.019599356100984747,1
-0.7561326057413127,1.6061239721955236,1
0.5619725356834617,1.0005784517377463,1
0.2903860194275925,0.43103566421469114,1
-0.20701165701366434,1.736176746771686,1
0.4989997492492661,-0.7795435314951735,1
-0.48617254571507906,0.8507083654822858,1
0.5758710438049808,-1.1329117344418682,1
1.1473574955798236,0.6470801301591556,1
0.3473226286514635,1.4035774357768152,1
-1.8884657292482385,0.2723422194769638,0
0.8659396447709418,-0.0162897358268125,1
1.4536201436274263,-0.9951863761604356,1
1.164542140927127,-0.5864026724335012,1
0.8347832821520028,1.5042585685696215,1
-1.0764738270933023,0.6339644041050347,1
-1.353346323896245,0.6975440894351447,1
-0.6408189605045137,-1.7758811594809085,0
-0.7936149836969861,0.6815372686017152,1
-1.2301176435449208,-0.5377003602395268,0
-1.0632817763850977,1.5311338002689412,1
-0.03705554751299106,0.7226125150051332,1
1.2763255863004175,0.45619825174493633,1
-0.15845461696100158,-1.4659917503265842,1
0.5210601082331984,1.3238800842972407,1
-0.028639853709809166,-1.9919326182344723,1
-1.3261836776662028,0.7595869469930359,1
1.2241762104556309,-0.41436061738676444,1
1.2072859703725929,1.3085356137062794,1
-0.5721593679645393,-1.5432088684691472,1
0.6929642290108303,-1.4824003392974812,1
1.2768952579151691,1.1054541662723705,1
-0.9552850697818435,1.1768777212994517,1
-1.967747916931198,0.057008519851777656,0
0.1863321459247618,-1.6562767927122237,1
-0.4083048940069774,1.7546001526324928,1
-0.5445348798664479,-1.9240544240045154,0
-0.8817180047330556,0.3504793902639577,1
0.09962643812311307,0.40561308561250076,1
-1.6647065973380344,0.38216293039656096,1
0.9600520123371958,-0.6186528740538441,1
-1.070254854721635,1.229366776713262,1
1.0797513872625017,0.9123414532699741,1
0.467653411566117,-0.4121992118926646,1
1.952819327263142,-0.12072248160127105,1
-0.18248148101607994,0.6823310282507844,1
0.45437098040482093,1.2664867531895003,1
1.971184424970793,0.13750601722380443,1
-1.4547606151400994,0.8914587320152746,1
-1.97197213312808,-0.028787468908497912,0
-0.5955602436508681,-1.675529936292026,0
0.1713516590534399,-1.9827497057771903,1
0.9084446338628807,1.643968113548709,1
-1.1457752566928137,1.1391418391356327,1
0.29224575054734464,-0.5408728709667902,1
-0.07928769115591008,0.706931542012059,1
-0.5304161860258583,0.9938166974097937,1
-1.0479520877170672,1.0881797367608064,1
-1.9414447414161458,-0.1562171060854025,0
0.32141844466227726,1.4670399564292027,1
-0.6033575432780286,-1.7691279377506102,0
-1.655220719421864,-0.14693002612262945,0
-0.5274585455022485,0.04536757725533181,1
-1.6791305876364353,0.3874391364706173,1
-1.7598298740472906,0.5632875060192555,1
0.8770960578567661,1.7354621100199508,1
-0.4987116903483603,0.6212363647237771,1
-1.4198685510142972,-0.941207318182798,0
0.4757195427045525,0.8199852383513361,1
-0.42693427507352794,0.0076988565724886715,1
0.676049044134293,-0.8905692759475943,1
1.739534826747555,0.3323531853370576,1
1.6538751133413612,-0.6387981943305984,1
1.713814556767667,-0.7390441030465834,1
-1.0501299213566175,1.5135094044434578,1
0.6050045325880141,-0.6430746412467245,1
-0.08422710727231632,-0.8304111362359873,1
-0.13613388134269516,1.8549402981311185,1
-1.2588632421976924,-1.4290382586024282,0
-0.5289679645014922,1.6296183138214078,1
-0.7053205055410358,0.4037015773310574,1
-0.08406372352210037,-0.7870018774481357,1
0.4537369993457911,0.5581454087012359,1
1.2463991180401173,1.2584413416214169,1
-0.3676349052968977,0.9963200385825708,1
1.2786675964128889,0.28111994787444106,1
0.9133658025494309,-1.2013233008898119,1
-0.8119288554674547,1.5020137295818097,1
-1.3401395407472918,1.416012427125192,1
1.3903839799998794,1.1385546474847905,1
-1.021485775344191,-0.25296978912908147,1
-0.5318269638583976,0.39284163653765203,1
0.005863600551426833,-1.2579176425460665,1
0.5412662184449728,-1.473149084046521,1
-0.8968379769225112,1.3354923357590052,1
1.4757919133434088,-1.111574987753597,1
-0.5360597009629986,-1.019183017001829,1
0.04611592262408383,1.4327938907629696,1
-0.5520858558549944,-0.8493849047681543,1
-0.26995877784975025,-0.8733293488277956,1
0.4300136817177481,0.14317037905376137,1
-0.1730990812524523,0.5144994075529024,1
-0.0516387843938206,-1.6008901179864246,1
0.4716826536940022,-1.3794576163061034,1
-1.3669365542560428,-0.6853403655237634,0
-0.8164774253412322,-0.8693073403879927,1
-0.42878915461974904,-0.6955457081877752,1
-0.9860270712660772,0.2768455099053926,1
-1.860728832627585,0.22677702549833068,0
1.0191083956068565,0.11966241586956826,1
0.964699620859767,-0.2321197697467797,1
-0.9340603851871616,-0.3727211436477474,1
-0.399461439135955,1.7444129121712315,1
1.4381490811970654,-0.8525072530686214,1
0.9262443084452319,-0.8398548767088656,1
0.41951771410965155,1.1211329712986446,1
-1.4158397470794375,0.14110658453801567,1
1.9637270295793383,-0.10540240376334944,1
-0.5949022600691031,1.0386005856928207,1
-1.4686520272071588,-0.8774657505397353,0
0.753564941138352,0.8303355373736498,1
-0.9775398976213536,-0.2913206966451013,1
-1.4923221584398056,0.3677686919255458,1
-0.01800053979404855,-0.5689993861316192,1
0.6406343235520205,-0.38941895895392586,1
-0.6466449975167409,-0.31518871965210843,1
-0.9880668998582762,-1.42008266507664,0
1.53949511340037,0.4573186327872857,1
0.14861012394019835,-0.12162502324492025,1
-0.4704018534067922,-1.5250446434768,1
-0.9432798899814229,1.3916832525302898,1
-0.9737024407422036,-0.020904911708883853,1
-1.341675409594919,-0.19283547728252234,1
0.7305433772250141,-0.5215568690717264,1
0.16491831538777765,-0.41661251817711226,1
-0.7339898418678217,0.38187942532121993,1
-0.6273630457863509,1.5480794719905218,1
1.1963729864877424,-1.0174842829746178,1
0.678458798063163,1.564964939734183,1
-0.3981747897881549,1.4898059626725852,1
-1.7175123306631428,0.5627153930167954,1
-0.4666444876772248,1.3748386991604977,1
-0.33235994481417225,-0.37817643688543456,1
-1.3738762402538502,-1.126503507369492,0
0.5406964829964244,-0.8594418955316759,1
-0.9779384353008564,0.1584565165482967,1
0.17832340145146486,1.2674542361416123,1
1.0874868067853047,1.2496685542696138,1
1.4836766135481982,0.03175061699157144,1
0.5303932970719253,-1.25631205791177,1
0.8315429834145219,-0.43761118929721443,1
0.5151778896603034,1.5637881566310714,1
0.07008402335971489,1.3901591026056836,1
1.3290836619989226,1.304375057180506,1
1.9733364083270328,0.2862423325823109,1
0.6257180341900623,-1.6625413124267139,1
-1.4855859604194088,0.36272843231469104,1
1.5370064763420686,-0.9566987892828827,1
-0.3339070123035767,1.7866658997696927,1
-0.3293215861525114,-0.5101264443619469,1
1.9991844509082404,-0.020375982526176818,1
1.1105257414400902,1.395165741463621,1
1.5480723279250947,-0.38197067104883925,1
0.7778505879793451,-0.5724528827065807,1
-0.31417540625725837,0.9297634904892272,1
-0.5664856081657282,1.4580637127793752,1
1.3573481246347978,0.679146458229009,1
-1.0414700055613342,-0.8588372679556081,0
0.9331991322959221,1.0812255194993994,1
-0.9701902281044409,1.684123238213934,1
1.2588402934701801,0.42108769000474916,1
0.5061009696882323,-0.2825589242682336,1
0.8000829819519638,-0.7052434551351995,1
-1.5295230225471859,0.6196069381957222,1
0.2561318759346893,-0.026988284582824457,1
0.47736808100447875,-0.6186125666831809,1
0.5455802654213036,0.8193749746740437,1
0.33854433227813846,-1.552864225241929,1
-0.8777647173030735,0.005098422144771013,1
-1.187273126011199,0.4571927635817168,1
0.530406740369719,1.6815985009570853,1
0.2173636889174486,0.9828821522786708,1
-0.7370629826262297,-1.1876693072131699,1
-1.0760165337180054,-1.4510122532976517,0
0.5654688034724098,-0.30143777625846513,1
0.6450241116245946,1.4195842890152466,1
0.37640355845192136,0.6410158770592338,1
-1.3517286602063012,-1.1017573818056532,0
0.1132344894606506,0.957891010273487,1
-0.15841927941743866,0.03949874810186204,1
-0.4353393361513538,1.8136032975706535,1
0.25071861492991354,-1.4453211245552269,1
0.4621122261855884,-0.15943096678650845,1
1.1263990136197124,1.3753794739721623,1
-0.4336872862273753,-0.9300640677226606,1
0.29416218939452665,1.9133183929167707,1
1.6895519969420076,0.5231919741405785,1
-0.824425362404074,1.628178508137579,1
0.5424357238515788,1.0295199943066848,1
0.3315285174398,-1.7123457554926529,1
-1.5956187991917739,0.46113458538669333,1
-0.49976155000727673,0.7972469456501599,1
1.5287273683760012,0.6373996034997617,1
0.14569823476691718,-0.8558844734979812,1
-0.05638179657263572,-0.6888084612345796,1
-1.8488406141756453,0.32991166712922815,0
-0.8128972774246049,-1.4937834007118393,0
-0.5138501879349172,-1.4891958512117882,1
0.4942191381565094,-1.502993650460039,1
1.2439957247539108,-0.12898204781489894,1
-0.38939350915904275,0.6245440546170522,1
0.3572188024628568,-0.8824736766923849,1
1.275893695675873,-0.3440998072542277,1
0.49226953726528505,-1.096215195511922,1
-1.7917535597011789,0.12797132839642925,0
-1.741603907950606,-0.8166459035680795,0
1.644808161358736,0.20147006799944767,1
0.1846236675154145,-0.8435340890275693,1
-0.5825709423931859,-1.3327782966089043,1
-0.11181307327257405,-0.11705774979108985,1
-0.4237999640087328,0.15670220240926327,1
1.6715158974436697,0.7897333882423933,1
0.3163649102769857,-1.4689643296751123,1
0.11982874261702807,-0.5837117029422979,1
1.26836750908644,0.625764424731492,1
1.1218671238530058,0.5139189104835663,1
-0.2710593416275378,1.5021636811415962,1
1.8207081534104879,0.46198784650558083,1
-0.49583188509225173,-1.855767892562372,0
-0.5998712717263064,-1.5355288317875204,0
-0.3583043624192296,1.5210811314590584,1
-1.5954887099997808,-0.29574966100637323,0
0.18910929856203304,-0.10706653401030773,1
0.35128797740881995,-1.9488681580155052,1
-1.1880457120620596,-0.548066035534538,1
-0.8401517332351576,-0.3887987450910354,1
0.9774900838068886,0.5408940712719945,1
-0.24995713751645154,1.6605570354836965,1
0.3087750944746166,-1.5301749516427903,1
-1.866706284155056,-0.0739218211145179,0
-0.2732187323910741,-1.4811165828144475,1
-0.03028869536964084,-1.0701895234294065,1
-1.7044264237870548,0.16131075541027518,0
0.7044314894473457,1.3109574561092212,1
-0.30211172679177356,-1.7123817538334016,1
1.6124768384099222,0.4800944439292213,1
1.1746967986568229,-0.161430135331131,1
-0.8338368349308598,-0.200358928938067,1
-1.2489717830921345,-1.1793767185619433,0
-1.019401488330279,-0.9168201021696804,0
0.7949759480430356,0.9453407071970427,1
0.29888848082951824,0.27476911496866846,1
-0.3622720586756276,-1.0911920428577893,1
-1.377861825675234,-0.12615088145150413,1
-0.22389692599255648,0.8733536731359071,1
-1.1108049800260673,-1.5193066400742052,0
0.5101875327183047,-0.758304156919854,1
-0.39926917551445806,-1.7972676544087063,1
-1.275222879728096,-1.1100012731856992,0
0.3649814441435324,-1.729358617990486,1
-0.9349070228164214,0.8632062822342373,1
-1.7031309619577915,-0.7569157641229481,0
1.0591112607474775,0.535322209059539,1
-1.0893063129035978,-0.12118115962843354,1
-0.17281144717109362,-0.7403353580148964,1
-0.626840531232751,0.6198692484855927,1
0.13542418909737858,0.47017082561116724,1
0.616133127673446,1.7798496018288374,1
-0.5345714740227272,0.4732120180934385,1
0.7482090012211032,0.580175202270616,1
0.19184948958858394,-0.051177641210845726,1
0.8300926843895143,-1.0646380368468311,1
0.915147082348544,0.03219621016800943,1
1.2226682832782299,-0.5516359607292164,1
1.595580236851007,-0.15795956823587234,1
0.9427975262283326,-1.22678080515372,1
-0.670570689837988,-1.5631157541002814,0
-1.4089876839469675,-0.9541107914053382,0
1.061900565928345,0.6895378321404039,1
0.7685450565920284,0.3530210719461512,1
-1.3753810190831681,-0.7570404145952832,0
0.8641515830537765,-0.8762693338318546,1
1.3136341249633874,0.6241041890494227,1
-0.9213735933024986,-1.5193885473361106,0
-1.4048730660665845,-0.7655110035233973,0
0.466125855279149,0.4883408803350622,1
-1.1330912751227682,-1.4622296999039501,0
-1.1280515746258004,-0.9296158593378745,0
0.9936069133857373,-1.6317224109585844,1
-0.9138563073043088,0.9525043368043044,1
0.9414253806624142,-0.7461347619090014,1
-1.324226994833953,-1.2672873726025013,0
1.4031274171545673,-0.010788421091103157,1
-1.121838869089607,1.2543747630241244,1
-0.87823812809942,1.4409871058387065,1
1.6897915390886764,-0.756902715062785,1
1.0915916824378344,-0.7559073798774265,1
1.0656998463679632,1.3042439047060748,1
1.0410497485760943,-0.8545408856493797,1
0.5425137212795179,-0.2529294855085656,1
0.9016338984124842,0.2447771223633325,1
1.6266143545851792,0.9981716708343417,1
-0.048840552989964967,-0.8506887908323135,1
0.7674951349452958,-0.8184239565885605,1
0.23683965359044076,-1.0503341575100997,1
1.742136869088577,-0.049084175664449066,1
0.3698426698738589,-1.2867587622567338,1
-1.370691104914384,-1.1847603777836375,0
-0.3756837987746871,1.6746106404806356,1
-0.08327234181199118,0.24810171684008592,1
1.2980497144855623,-0.4111101644193001,1
-0.13018487915076776,1.337875404273493,1
-1.921949723809744,-0.039020130341533996,0
-1.2121834001415706,-1.3032169815781776,0
-1.1513291528678593,-1.1424401513306717,0
1.2227436609587095,-1.3108644296607856,1
-1.2566198303450853,-1.529104938505913,0
1.8318532385912178,0.346670084556344,1
-1.4444324764317291,-1.0920675832294455,0
0.24784488327487927,0.6438184991171076,1
-0.18989984305071458,1.4805055759356682,1
-1.5927055270133168,0.663716422736587,1
0.8718282215371737,0.5304074161828698,1
0.134130860907283,-1.7999957383124892,1
0.7121887592283414,0.7063019996616613,1
-0.02061994420363476,-1.3888548653558535,1
-0.8782701937302491,0.2158810061987971,1
-0.2662306448179851,0.06831352590014764,1
-0.5152871058533987,-1.501373015500488,1
-1.7298752984980508,0.7764183811382364,1
-1.111323680493032,-0.6336994536624131,1
0.29021325332992887,1.0500532718339297,1
0.4037386878752539,1.7648286836245115,1
-1.1411745724624922,-0.4996548747265799,1
-0.5168555913346552,0.4448872703451302,1
-0.9613569678590093,-0.5441177745942077,1
0.7097159657205568,1.2390141285984169,1
-0.1165793747458534,0.5442000884377879,1
1.396997108394696,-1.2991646702754152,1
0.24714787960298695,-0.1760756669878929,1
0.4994253911119103,0.6673624351052055,1
-0.8709068408002937,-1.4660799737730892,0
-0.648643811259529,0.23068632312455276,1
-0.28104363150581385,-1.351569462832176,1
1.481664326852921,0.12869365389487558,1
1.1736665491990228,-1.341567164859106,1
0.47171967583613034,1.1679868827924782,1
-0.37396018820452404,-0.49659469843775844,1
-0.43118910907541413,-1.6083817817130144,1
-0.14789384367296785,-0.16021757071025444,1
0.874368800068146,1.3792003635079566,1
-1.7184528848173726,0.9569411339011901,1
1.0146805585116707,-0.5730023999876083,1
-0.1661712859726973,0.7303148358743362,1
1.2239100156938776,-0.00801865047169729,1
0.13307064482173891,-0.458257647135814,1
0.20842186336620763,0.4362359074199457,1
0.1867701658396919,1.9582998604208266,1
0.6389643436725229,-0.6734672244112637,1
0.9318420049461611,0.4789524646871451,1
0.13707786495485128,0.97726163507524,1
1.88753666150763,0.4989985043350178,1
-0.8380916323572027,-0.15952358043775128,1
0.2677279211229118,-0.6954109979116551,1
1.7195379322815256,-0.570794076577719,1
0.943919059736627,1.5462070416556153,1
0.5905008670538993,-0.8266625080537946,1
-1.1103564526852452,0.17341218135233777,1
1.037256494148831,-1.155038706822223,1
0.9739775773805949,1.0465767248734466,1
-0.6913713817182917,1.2675851090122567,1
0.22576986699812063,-0.6879639814739128,1
0.19635746353765315,-0.2147212339620797,1
0.6088401229503996,1.8736832188248795,1
-1.0732655360467271,1.119426659210487,1
-0.45982621331686285,0.5755157202486751,1
1.8800002834693155,0.6550506984646618,1
0.5088718897596194,-1.3427756308476377,1
1.5904942216458573,0.6675360970313495,1
0.06434312924039162,-1.324219605746376,1
-0.5789831495763675,-1.6210795588711522,0
1.4332131928319003,-0.406423638675328,1
-1.3564109973830574,-1.327392324200294,0
0.0699642162916651,-1.5871116776465184,1
0.6257529932837168,0.5816556705276514,1
-1.4524192954218909,-0.015865760859663854,1
-1.0146572218793717,-1.1689438244766714,0
-0.8216083103812551,-0.7978268726159912,1
1.3525009797248055,-1.186281708598866,1
-1.333900705969534,-0.7885434412661436,0
1.4237071491343647,-0.5595275951945271,1
-0.351223779179082,-0.8622200197538311,1
0.21844792142085181,0.5997901895851783,1
0.590501033176047,-1.0183719593271514,1
0.6331136234747591,-0.509647190135732,1
0.0848244254057033,1.1084654887018413,1
-0.3806484274461108,1.4776115795884817,1
0.49113563111601444,1.4576961080328696,1
1.6749639832387586,0.606146516691215,1
-0.5175008366041751,-1.2126176468901484,1
0.9554838844502891,-1.5180740077349302,1
0.011283992496893653,-0.9955557824937002,1
1.4886279382152934,0.0584979006273137,1
-1.1120967594641435,-0.2698999138201287,1
-0.44693897671429583,1.4099577961097567,1
-1.5775032508846873,-1.0523254730912124,0
-1.8109212894533961,-0.6556662252227928,0
0.3237684586304607,-0.8667878386339132,1
1.4825993713245977,0.7265831517086765,1
1.3580207714941879,0.4103876347511236,1
0.3028110999850498,0.11181379563695681,1
-1.0882725066708094,1.2287029328114452,1
-0.537508242117494,1.0460674578747446,1
-1.0586918346055243,-0.8192521651977541,0
-1.0096281643577765,0.5635279200298166,1
0.8433673279483511,-0.3177041959431896,1
0.11940713429788521,-1.890201891809685,1
-0.9810197233545962,0.7415952455133482,1
-0.14003562493245492,1.9540650927580545,1
-1.0965091098481758,-1.1130090977063245,0
1.0648739667241407,-1.170843662203541,1
-1.2061336313778839,0.6666047640303387,1
1.2915476930640368,-0.2994087418480613,1
-0.9604746492744722,1.3254517851173446,1
-0.8789074624562174,0.5413196882195851,1
-0.9235194233705931,1.5790394652850321,1
1.1756936104928009,-0.676792796838357,1
1.201437370153947,-0.42267465306835716,1
-0.22951661767285605,0.5489590204726003,1
-1.0369699987956253,0.32514608070470696,1
0.8023169745073683,0.6469781111541718,1
0.29087542407925265,1.4831969988514582,1
-1.10042706246762,0.6034023936303406,1
-0.9309473914191698,1.5812538365374722,1
1.0262338246651481,-0.5942703422123891,1
1.1604015044781133,-1.324767055944778,1
-1.0433516835114596,-0.5172708987287556,1
1.2357913762205721,-1.5735677390047007,1
1.188271451739049,1.511438010162987,1
-0.016133944931661526,-0.7980650796483915,1
-1.5048245322342337,-0.7275898087838493,0
-1.5445902977205452,0.868659846569755,1
0.20774565499204134,-1.0991327240789128,1
1.4151538361046396,0.3302336057886849,1
-1.8277615598022883,-0.5485857080382923,0
0.7806954781595946,-0.7637305420266518,1
1.3750020071226903,0.8154224705636548,1
0.6246729741540215,-1.2196274561773497,1
-1.5915218370950561,-1.0313524955103874,0
-0.7368916278548734,-1.454812540605478,0
-0.9172432560372973,0.5683314699834783,1
-0.6720429143002773,-0.5956018988692569,1
0.7654444559207777,-0.959160957119859,1
1.3720099598739064,1.2103684762717104,1
-0.8306497043844994,-1.5444322117282903,0
1.7272212883288143,-0.28048617665971803,1
-0.2932230007091532,-1.5354948868506928,1
0.5192105013570413,0.9071862942981288,1
0.9585514755368549,-1.5236473290703147,1
0.10392672853717771,1.9256803161097102,1
-0.22426073665770563,0.09276085693499929,1
-0.0033706783699280532,0.3865551809345486,1
0.1473581250824337,1.3666439983868597,1
-1.7406595270089005,-0.04025607590139941,0
0.72347090246026,0.36154978474797955,1
0.5559923543541213,1.2824625702440027,1
0.14264236150103005,0.5016515673279899,1
0.04423552985762473,1.6908062584593517,1
-0.8545671590349763,1.3158554411831689,1
0.6434585092977207,-1.758509195253299,1
-1.5961691652281764,0.5254008706664588,1
1.8534668152917526,-0.10855697676839848,1
0.7399073124001371,1.6730134514015034,1
0.5429857457017898,-0.774035009468783,1
0.8486996297942936,0.09842809814326539,1
0.4299786318869974,-1.5853618057900067,1
0.16500686201185036,-0.864314089089948,1
0.647836167521524,-0.9409685637549309,1
0.37685766229376505,0.2773511952050838,1
-0.9119372436936796,0.08330970236461961,1
-1.085503506042319,-0.2844749163231978,1
0.8031575112230431,0.44429870845975133,1
1.6931606426818389,-0.443479037732254,1
-0.9770372437940454,-0.0622547388555087,1
1.5583868652033999,-0.954513670366855,1
1.3025365557018977,1.2082224506348496,1
0.9287405639201374,1.0185539897722808,1
1.1546050084895154,-1.0547038926210328,1
1.25548120407722,1.1576488411681698,1
0.01725050910648848,-0.86842908815909,1
0.015702619737465676,1.161956317558838,1
0.2698577756003073,1.4978698633194207,1
1.3946220636091762,-0.404230930718313,1
1.3613190811631932,0.4144193379284034,1
1.144893102465774,0.9653489086335594,1
1.388420352376172,-0.9438051513158401,1
-1.5111656460057938,0.9416884970130357,1
-0.15039849464054103,0.6876257185710811,1
0.22071649198291698,0.4351437820526772,1
0.8482883676392491,-1.350347060748388,1
-0.29514653002887875,-1.510368739270472,1
0.2015190462981588,0.47464879705478574,1
0.4420798118980716,-0.10184065552068108,1
1.0973527920029271,-1.3543365124442421,1
0.8389239461772326,-0.33465326653996685,1
1.662112580954961,0.9088283662473446,1
-0.621653628833913,-0.8640125952715422,1
-1.6563309947770062,0.2042141886766266,1
-0.9093742302516169,1.3535103461013747,1
-1.026035263438233,1.1372525157667173,1
0.9590388176431333,-0.8158880759712838,1
0.15640658305250535,-0.9150500595909744,1
-1.4446321278987306,0.7549394920489083,1
0.6212478264102377,-1.5100927330366398,1
0.8969190434110383,0.4067980393345172,1
-0.6095537479317437,0.1421246317131306,1
1.3338175709091695,1.4373236681537758,1
0.7029612058175796,0.38856851927862057,1
0.10174202202029747,1.4803836014578118,1
-1.4251662656082005,0.4066580756375238,1
0.7783174330827043,0.956631284718666,1
-0.9474595719968234,1.3850726257233237,1
0.7595194027546951,1.17342033052862,1
-0.8811843876303916,-0.8281002875193425,1
1.017255302791901,0.6047461292758596,1
-0.3866535841914902,-0.5984294600477531,1
-0.8319935172749879,0.4771243187988409,1
-0.9356776526718736,1.0981368477012148,1
1.1364516096457,1.1247342021943103,1
-0.24747774204404713,-0.8647969967974356,1
0.5031966323664604,-0.2713139048204769,1
-1.1189631334021295,-1.2284981825663273,0
-0.2681050203100797,0.6852429567192795,1
1.625671523209457,-0.728935653342093,1
-1.1176499622672336,-0.6610577497064605,1
-1.099951530192319,-0.29108415849080055,1
1.057765323841908,-0.5606250032658437,1
0.2688908389966669,0.833046765293283,1
-0.9003327906457554,0.08125334279062271,1
1.6649106974265098,-0.6768957369284232,1
1.5459019192634293,-0.10541352742701078,1
0.27719705143608303,1.1071086767332383,1
-0.9268397663372077,-0.33423122469921146,1
-0.7307842967138698,1.5804658916527352,1
0.7035717814069627,-1.8475131595729808,1
0.8669485118732172,-0.0010358875724990621,1
-0.06505630517689477,-1.1168879072045985,1
0.4550854934815064,0.798866878157011,1
0.06698306135475852,0.02464339912799639,1
0.49287241951347777,1.8903587270565416,1
1.2123211786856853,-1.2628169559743085,1
0.42577210753198097,1.580993767485363,1
0.695887868830919,0.4216707576039795,1
-0.6861364980742882,0.6735580717602814,1
0.21563424252732333,0.6462495041887438,1
-1.7946064585536485,-0.5155643225322762,0
-1.1925299882431153,1.1087183198911437,1
-0.06698366356921316,0.6490422017493803,1
0.23114388937842692,0.525143645240769,1
1.42016363898857,0.610804563884892,1
-1.2693706966081724,-0.9626695482614419,0
0.373016775300226,-0.6863440700728525,1
0.2430657055208825,-1.0283614651330613,1
-1.011119608379473,0.8521020898034211,1
0.43981567099803476,1.0018928282454838,1
-0.3434258282355604,0.5250688225068602,1
-1.0792060390638567,-1.4616485550630518,0
1.2455775794400563,-0.49240102024124677,1
-1.610011183212504,0.1426277608394552,1
0.14071151496553838,-1.0198575725270753,1
-1.076270062785018,0.34182540533144234,1
-0.1529903884977459,1.9243049653758415,1
-1.3705314133102662,0.0974419764822727,1
-1.0013184947608413,-1.1227598908913943,0
0.5866668595906629,1.2190048481184443,1
-0.9804928651725653,0.5551662276943001,1
0.9547081222092533,0.7963530396735141,1
-1.6593226381286938,1.0654094807098087,1
0.016739597326553887,1.068851565179049,1
-0.18567703225800752,-1.6719660396502924,1
0.9839647414840289,0.35195262905366775,1
0.9994985675174483,-0.23269091121199412,1
0.6711325002399557,-0.10476710170253235,1
-0.6234487941150033,0.7751695218289486,1
0.13664485906522855,1.6112397324936125,1
-0.1245968525599565,0.8276022733169477,1
-0.3795854797056257,1.2690353114354138,1
-0.13396280239079006,1.2014445667454334,1
0.40268396871744566,1.3842716883250685,1
1.0271552548349785,-0.4205458186285799,1
-1.2320385619839367,0.0021390703182906437,1
-0.7221837970739184,-0.09399101675253982,1
0.45946880935779594,-1.5664868112681074,1
0.34164362050500235,-1.0140464959893836,1
0.20079677601043464,-1.7408144296446482,1
1.128447748830875,-0.8211673936472929,1
-1.2569302913492897,1.1156135327814696,1
-1.0212120507658866,-1.7023781241352742,0
-0.6780496612952263,-1.6569467166601537,0
1.0837294465608567,-0.5479979037607391,1
0.8792943603249365,0.2956621941397463,1
1.3199536065168356,-1.5070500949884005,1
0.8462849644933536,-1.6017205926774647,1
-1.5197126251961912,0.777027060758678,1
-1.1819614138200436,-0.5179355309644079,1
1.1894088297089564,0.4629544915487374,1
1.2228730549450846,1.0868559911579334,1
-0.535643936095857,0.8378794001401143,1
-0.7497832426236827,-1.500624779581801,0
-0.5514718451121026,0.6115908818231359,1
1.411227146413175,-0.5224463459084481,1
0.46320245145843386,0.605901122164964,1
0.533615147740016,-1.8543530780952728,1
1.2044257621311192,-0.034346149735303824,1
0.739160277419902,-1.4261898633454613,1
0.19379649473382113,0.8110486160592575,1
-0.63296991204869,-0.31186764751728463,1
0.597946933274638,1.037668013518107,1
-1.0018226975811977,1.2908907359851918,1
-0.7950170997269821,1.3102675957877299,1
-1.1781772230467498,-1.3980197286598657,0
0.3273350868501796,1.4098347322787252,1
-0.30076205291351354,-1.0461517229313764,1
-1.5223011183908335,0.7530711219686439,1
-1.7381440921891655,-0.263847788616375,0
0.6463482453713935,-1.264315679566795,1
-1.7499914398371261,-0.6448509568718799,0
-0.8853385527549661,-0.04213383889993156,1
0.044012727699028455,1.6773635945066538,1
-0.08931023527202805,0.8615947281442577,1
-1.2344097435866823,0.5606534168998346,1
-1.5733153023214408,0.16741145370786564,1
-1.2611472619520825,1.3061542416071836,1
-0.9361953014817138,1.0816766842049486,1
0.8366459580389252,-0.8857691083316286,1
-1.7711745902781997,0.45023532315963505,1
0.6284232391233567,0.8754481206140592,1
-1.5526391151305206,-0.6326308373172757,0
1.547946883533595,-0.23900398567985712,1
-0.7186528252414809,-0.36359964985930715,1
1.9626467642388472,-0.1845771066883833,1
1.7039926535589218,-0.15135390665571233,1
1.0678936911961787,1.0555205884309435,1
-1.2136692792544004,1.2251863514898456,1
1.658920774943555,-0.8652024049438523,1
0.9183962016624528,-0.851722973937254,1
-0.2804741230283477,-0.6213801454924407,1
-0.030015057123091188,-0.3103863395227999,1
0.839958390164685,0.8234977715456366,1
1.8286959230902922,-0.24368998426610225,1
1.5444978852694071,-0.8884563443488644,1
-0.051755422093842464,1.3421619916064982,1
0.6185869059504827,-0.8577924991409733,1
-0.5212982728355907,0.7174785060256679,1
-1.0078608962277764,1.2160864137151666,1
-1.1205478586604316,1.2776048925657584,1
-0.30916596977626626,0.847682862353783,1
0.8482918395642066,0.22786539868888034,1
1.863318637317466,0.11677200509399957,1
-0.15874668680501633,-0.0167190709947934,1
0.6183817676244947,0.3485722340281745,1
-1.2836225864036823,-0.9919090849299705,0
-1.6349149236534042,-0.7225142171117507,0
0.1291874642583716,-0.242137148886461,1
-1.6226067276614209,0.647118571280751,1
-0.8313613174381334,-1.699389030106317,0
-1.218342860088077,-1.2555462591379565,0
1.0436224021932023,-0.8040393643939078,1
-1.7772713531639979,0.2466933670307399,0
-0.9549491813215667,-0.8947627965092492,1
1.0532916830359,-1.239889344217749,1
-1.7350914734301506,-0.06955896892470029,0
0.4408469078933142,-0.1751820671724938,1
1.676407793102167,0.43444805785711343,1
0.7696922074682262,-1.2171551925517508,1
1.8864579752517574,0.47090209599390154,1
-0.39445443661104695,0.8430122513773282,1
-0.2426737082276809,1.5883191140197626,1
-1.3422444777756029,1.3496283747348985,1
-0.5621601017392799,-1.7925792303783945,0
0.24155436986728446,1.8817774704804773,1
-0.3013760734685832,-0.08072496391336934,1
-1.9023230254636128,0.4343342011856797,0
-0.33552103457361215,0.42288983317695766,1
1.2984477355158839,0.032403824740134014,1
-1.2644930124372802,-1.189159936078994,0
0.32866059324045654,-1.680560543955215,1
0.09213234859257867,-1.554298206635406,1
-0.8136905444022572,1.424037810667628,1
-0.5738343489732324,0.7299580022780723,1
0.17928974678571555,0.39208255079401916,1
-0.3255614426591474,-0.09969254862870938,1
-1.2695827971443212,0.013520177839063553,1
0.9001428369148547,-1.2087994082927076,1
-0.29984046968649625,1.277511573344198,1
0.3332673634094378,-1.1568969056611416,1
-1.644360769578327,0.7501892971270072,1
1.2382554555341752,-0.41923674059752386,1
-0.8533146162570263,-1.6765960241847444,0
0.05914436149791326,-1.8506074688899228,1
-1.0137743207723455,0.03268828787509491,1
1.3108189286748282,-0.2347382813594193,1
-0.49545129318146713,-1.5665101123123875,1
-0.7366801962646862,-0.8516516476533408,1
0.08794799034053877,-1.666363280349071,1
-1.7587086201785986,-0.7018807678538145,0
1.3793999298425468,-0.8501559210894106,1
-1.3254918414820778,-1.2073323706096892,0
-0.05585999239834652,1.814828259323562,1
-0.6148275098381992,-0.13273545070240633,1
0.4255509157964119,0.3640153240775582,1
-1.397527438917862,-1.000857855642798,0
-0.4158225110113662,0.9543669648269251,1
0.413100643841246,0.1158073486207238,1
-0.9535251053692526,-1.4509542191937144,0
0.32697242994720965,-0.5555310043013756,1
-0.07412163115816886,-1.2241272268603844,1
-1.196703264866261,-0.3475578828330163,1
-1.5991359308611086,0.5784778242927288,1
0.2370003455573634,-0.4961568909969,1
0.5651152906298951,1.0298386921649363,1
1.3501388736346251,0.7154251912066856,1
-1.4244690315910988,0.9599404772312634,1
-0.23179620337271004,-0.5970507756094464,1
-0.5063936285030576,0.5723100826157246,1
0.6542350851110755,0.3265525441771106,1
-1.2613787701911037,1.420759515351708,1
0.09834329046810515,0.8070282208406777,1
0.21853201977249823,-1.3634781193293235,1
0.5195614669514157,-1.7073647253718822,1
-0.27171432817957847,0.9575097211586213,1
1.41670332763965,0.6227237446662205,1
-0.5863993904633802,-1.6969528791233215,0
-1.2020124331667625,-0.7269022676185548,0
0.42102863733766566,0.24416438652459063,1
-0.02976153274400932,-1.306510040530818,1
0.8307907264465982,-1.2256904687674104,1
1.1960234107449734,0.09480623922432999,1
-1.1866000761708022,0.049446340841662245,1
1.1529000435735361,-1.3428955119357509,1
-0.1968226691580251,-1.590170905304316,1
-0.48637638667927086,-0.24690206325142397,1
-0.7709701770116643,0.21360162980921846,1
0.9642531832064581,0.8181148502387191,1
-1.3129259570422624,0.411556050658054,1
0.4856278266379719,-1.5682594261655554,1
1.662894612464595,0.7503326665609973,1
0.41609190687771286,-1.6053063860668346,1
0.06355228747739634,-1.9866635821714098,1
1.295650167825284,-1.0087424436066637,1
1.491315433527915,0.35632229905259033,1
-1.2230932489821829,1.1270511570879604,1
0.1371300561314632,0.18068778372550595,1
1.116949939716982,-1.509164284915303,1
0.8680973191905358,-0.45444519605336076,1
0.0833582699789978,1.257833135567808,1
-1.2844084775502205,1.07294100065659,1
1.4675273311371855,-1.0689671912162764,1
-1.2570106699305745,1.2299297129080478,1
-1.5058253998815563,-0.8655325418838357,0
-1.4147912860325302,-0.28030353131394253,0
0.8445237269829847,0.7503988966097495,1
-0.3955902699543242,1.117916794014712,1
-1.332796281164158,0.9827554096838524,1
0.8323067041734717,0.7422780902248037,1
1.4116279161612393,-1.1884857307807013,1
1.9174545315624847,-0.5383132946882375,1
-0.9094280062318355,0.04027134264545332,1
-0.20855692932652387,1.6786309852341925,1
1.2662104751686671,-0.8241169510049661,1
-0.9161728293200058,1.1983096243740257,1
-1.7355607966560767,-0.07568216744570841,0
0.08016668924306433,-1.1916706589034816,1
0.5930631882120295,-1.7338912503351325,1
-1.43091741744665,0.9702394678005243,1
0.30767379142722723,-0.29216142576672216,1
0.7602837808281268,-0.07967427072409118,1
-0.8272681209721856,-0.7423047280971918,1
-0.11078540711456748,-0.4603867553339078,1
0.06079970778366077,1.2173761992909515,1
1.8846453354858796,0.3284989782874175,1
1.0291108365582655,1.3499855533533374,1
-1.5897043832578668,-0.31068494484496684,0
1.170199067683754,0.3925362948538494,1
1.3778389629862198,-1.3763250142566243,1
-1.6384788605001523,0.26078591176881166,1
1.9398075861706399,-0.06763354512353978,1
-1.3222401343442511,1.0448413109267014,1
-0.4330748409686877,0.7008005359538522,1
0.4301703524438831,0.21633092830493916,1
-1.2281036690011249,0.002260922563426306,1
-0.23133532828655815,1.4782513418675454,1
1.2679671251621372,0.95204514979823,1
-0.03896166885603076,1.2354531267580295,1
-0.2208872411023241,-0.713886365286983,1
0.5150737784859715,0.7727870080986733,1
-0.11206936567667296,-0.4864026719642231,1
1.1858887945118672,0.599629582972523,1
1.0356914692384795,0.6804878914443417,1
-0.6494862986994511,1.5482435096982907,1
-1.420546166269414,0.38251260463115655,1
-0.864094710752852,-0.9049995064190045,1
1.408502513654429,-0.12413611111731869,1
-0.9158734552429976,0.25169080070440414,1
-1.144580295237556,-1.2186847438280823,0
-0.8307170516059813,1.5994956954274835,1
-1.2209141702018809,-0.37962607255980124,1
0.8342193842978503,1.0977235308168816,1
1.089959853973084,-1.1487717511536277,1
0.9592562327668726,-1.4022100073770372,1
-0.03074482286465136,-0.19202665856589232,1
0.22300736099085633,0.5363927603617236,1
0.7914220568833336,0.5748531326827319,1
0.1395992209182525,-1.239724971900777,1
0.519442423216498,1.0410470138359613,1
-1.3656325899008896,-1.085720758060816,0
-1.2803834114249033,0.840999102455336,1
-0.988552906809907,0.09565174944312177,1
1.5365980677206528,1.0260955726306207,1
-0.5063608833868796,1.6074014255392595,1
-1.3436085458228477,0.5119536815083703,1
-0.23254614803039803,0.5887903576052843,1
-1.6603526841164828,0.5328422813214173,1
0.4574937540670643,-1.8583109169803895,1
1.116675116232154,-1.1040412048420682,1
-1.0244291640188996,1.190068851459579,1
1.4067326146801917,1.0453411757577826,1
-0.29245284433986696,0.7670277382180885,1
-1.1190262572296816,-1.2744810552319847,0
0.4535667782140552,0.31510126337024247,1
-0.49346916857940226,-1.6247630068794434,1
-1.0292994081878357,-0.7242463636525974,1
0.9097859657811589,-0.8476442978297292,1
-1.0991217833980433,0.8998991747335046,1
0.13410056895802555,1.7531668087208887,1
-1.6835740020607377,-0.2279656028269295,0
1.324818110862773,0.6763841221615741,1
0.2245038313918061,-1.340451558940522,1
-1.64812047905283,-0.4083716998415913,0
0.6743163319206164,-1.1412448489620004,1
1.8788720221311699,-0.20491488376949954,1
-0.9752895962190291,-0.8823855045004773,1
1.5046587571978403,-0.4881773029852536,1
-1.6137268757314724,-0.21770102208955652,0
0.857795249221647,-0.5932165138030951,1
0.13240749310599698,-0.26043860244226213,1
0.0012546204200014459,-1.1214974554930914,1
-0.7494144260372106,-0.5386656680031656,1
-1.2654510381849964,0.6338223159495078,1
-0.8880190984654086,1.540212532828857,1
-0.7001486193720318,-0.10772716121635724,1
-1.828942377695516,-0.47337610575485944,0
0.6672082453434948,-1.391630087871333,1
0.7214696566233499,0.6605427949949474,1
0.6695594537809718,-0.6315570655147258,1
1.0062265078904862,-1.6619079904468477,1
0.8500980097745012,0.5704839574392545,1
-1.6423488914706856,-0.23446058134035513,0
0.9226149158560117,-0.6411864807676888,1
0.20791468486311734,-1.2424855174629088,1
-0.5142681613604407,0.2877655429533811,1
0.9604240808213181,1.3483198558964011,1
0.030657213423037257,-0.7012741687764553,1
-0.22018533915826402,1.1820816522467268,1
-1.2159683695270855,-0.2757460194945868,1
1.7525963249495076,0.37864540176610395,1
-0.053032174303316505,1.618686901448712,1
-1.4256570296860445,-0.3750488409946161,0
0.5005453942583846,-0.7203643650870397,1
-1.1835438412669623,-0.7817594079317746,0
-1.6933501533104067,-0.47025118980559827,0
1.7254188330092206,-1.0067951111892464,1
0.3467883482279337,-0.3650970311595055,1
-1.9158244318331505,0.24410158872157087,0
-0.21494838830269883,-1.827406857496502,1
-1.4692031253781834,-0.5603838055788465,0
-1.0839916891538652,1.1653404991432197,1
-1.7125818314587498,0.7761435542301955,1
0.9562686419848749,1.3806023574826638,1
1.4844307917306536,-0.7109432786946183,1
0.7188843936622887,-0.9716322648754417,1
-1.3635901767398675,0.8791634812031798,1
-0.47830015227585343,0.22945108052875,1
0.687746155602694,-0.34599366007880694,1
0.9903688210840912,1.324111888076262,1
0.8775871410466392,-0.7174999538915319,1
-1.1904010948504002,-0.8996855366467228,0
0.09454789483663507,1.58808088764482,1
-1.5370823900411268,1.2007184374400983,1
1.1953162293467203,1.3934120830591021,1
-1.2000701823035953,1.463508906649812,1
-1.6958827810244805,-0.19663187644742164,0
-1.398613115609263,1.1282047448665855,1
0.33192492336084245,-1.4142549727031455,1
0.6550756085673978,0.07677530117197506,1
0.6203105762177951,-1.3721361976192867,1
-1.4308233673639978,-0.4875481100025465,0
0.17340855993158474,1.9549640260020567,1
-1.2458627743153066,0.927039178509938,1
-0.2721856870350712,1.694194276061734,1
1.3987936715120035,-0.37259658164501314,1
-1.7128971951731398,0.9404472400367623,1
0.6650719168439662,-1.50345540249683,1
0.4520725464589009,-1.4651437200885573,1
0.8024816038468937,0.32374146024287564,1
-0.6127178865790718,0.13458118289219442,1
0.4371852836458313,-1.3049060188854256,1
-0.38715030066972594,0.055390765644568345,1
1.2174275379952244,-0.7841678841518174,1
0.46941697217350475,1.5810555356326805,1
-0.6371407710602145,0.6798492223740867,1
1.1369627897390018,-0.36457031638325665,1
-0.668748505797031,0.31715790400350097,1
1.6814752664980142,-1.0772183904808366,1
-1.7628091062453481,0.2602115076255807,0
1.2217886170739658,-0.22556466005184797,1
-1.4250492416985223,0.9535953527946717,1
-0.4416019763468759,-0.21462462998754187,1
-1.2047545532207669,-1.2604573231650564,0
-1.1040153379381492,-0.6814056259569405,1
-1.1616394620684367,1.3649235440655068,1
-0.2563985334820079,0.654512300767908,1
-1.295123862561917,-1.2307402892502897,0
-1.3773429300894107,0.638059595674433,1
1.2379895621527868,-0.8353779686842768,1
0.5214777141260447,1.6996627503529733,1
-0.8406985984257959,-1.298464462014862,0
0.7522598485934553,-0.8653411920695832,1
-1.1378121612793068,0.8462494419572102,1
-0.054541834957781594,1.0580033352873595,1
-1.8177943310736118,0.1371643987983001,0
0.369820862785863,0.7831779774748817,1
0.23042458437253568,1.3324270061717556,1
-1.735519469124342,0.7710187290892521,1
0.6238232324874703,1.0300301322670367,1
-0.3647843545784331,-0.46921935743547094,1
-1.530142342796492,0.6763441811228984,1
-0.9223879057480333,0.6098983354282529,1
-1.1310674449719589,1.0779236415516351,1
1.1801039015204982,-0.35977155212520484,1
0.24858625018437933,0.09208666162330503,1
0.6051382916855985,-0.9025782264433039,1
1.1598468027721678,-0.9588179638406041,1
-0.7326651023064648,-1.6134276889117711,0
0.21508098725303865,-1.394437021552421,1
1.148826663857528,-0.701584713775219,1
-0.6908893093842757,0.17447661328368277,1
-1.5740683724124447,-0.3411640923995894,0
-1.5244192855070076,-0.9717293079127864,0
-1.7727665004056241,0.8324798989076656,1
1.554522694779343,0.4592386242685731,1
-0.8363264676092386,-0.17782975641488244,1
1.380669296691049,-1.4428558704691605,1
-1.0018162604610437,0.4664710317456662,1
-0.7931901000301803,1.3934922213381136,1
1.7355807793580498,0.5617489841114508,1
1.2190314591152953,-0.5811055709157232,1
-1.0500527549361822,0.8785068493149042,1
-1.139513172351721,1.1614808093853366,1
0.09401827658527027,0.008243310258425994,1
0.847146047303884,-0.9631329673048618,1
-0.7686759335038625,1.4478186630802676,1
-0.6929260163995286,0.5102326048677247,1
-1.524361608047477,-0.3321024528663476,0
1.4405000210555026,1.110422616136136,1
-0.5888099999180701,1.3303220801665248,1
-1.3915767411498523,0.21273565487982016,1
-1.6437065736890133,0.5489736580720179,1
-0.6836529367289498,0.5583290690691579,1
0.2626113505711691,1.5603374225060676,1
0.24692353391384242,0.5543216799394448,1
0.8720351881857353,-0.2698719622233086,1
-0.6922350322981158,1.1489177900258032,1
0.4807252272938193,1.7185760534689007,1
-0.7575707487322471,0.165126593390933,1
-0.5597301589833185,0.1425703016950809,1
0.5161049701031861,-0.7621042802333079,1
1.0530977945753885,-0.995153520073094,1
0.7327686224221971,1.5934530192963299,1
0.2699394885278657,-1.3073542800211193,1
-1.190714836616407,0.9619848689599859,1
1.4240920866427669,0.18129256282808254,1
0.8266076918434482,0.2020411217807416,1
-1.240837411961038,1.4964138338813822,1
0.3229098996557326,-1.567600817177909,1
0.7682927922821128,-0.8275088571783581,1
-0.23507213645299455,1.335455395458797,1
0.7721564205049644,1.4173557920953634,1
0.5338513923207987,-0.9582847465833615,1
0.10627012044318358,-0.850782081401595,1
-0.3505288190303403,-0.3379629219072222,1
-1.6954787429594709,-0.8392780544352256,0
0.9877010874244065,-1.0204825576068763,1
-1.5678409266883298,-0.6231666816549651,0
0.16047180097442976,-0.03721634080229409,1
-0.1326206870174151,-1.5887048993579442,1
-0.836093855149914,1.6590084118184785,1
-1.0439778205554913,-0.7115253978999663,1
-1.4753070453522892,-0.11131163294493014,1
-1.1130317583369636,0.35926709410116775,1
0.373019825036326,-0.5354953937234811,1
0.0752453492694733,0.29578922644792993,1
-0.5714068504698494,0.7854512878376237,1
0.3960526091389102,-0.9933212189625396,1
0.821802487565682,-1.784031313383152,1
0.002059762315662291,-0.7264806701923111,1
-0.04516540154863757,0.9651013467492714,1
-0.03353165278359978,-1.630712359955843,1
0.36592310028580727,-1.7263743909276457,1
1.0429981082782656,-1.5536176608795549,1
0.5189155452115163,-0.15212927768940052,1
-1.2740186980375061,1.4627104049611732,1
-0.6688599653403016,1.5777976053910971,1
0.8749145786029512,-1.1941855931564866,1
-0.7377852508755736,-0.48562252159737174,1
-1.1903776528910623,-0.4074622060595726,1
1.5428181143360702,0.31788492065764823,1
-0.9184532980564977,-0.7596940044513402,1
-0.16695503445408508,-0.6573323227695592,1
0.1883315395249642,0.034841763602553,1
0.36928736492655506,-0.6159294980305806,1
0.612822790535532,-0.08906405245174724,1
-0.1722400057255391,-1.4774269400332356,1
-0.023066733881259075,1.0090779839002009,1
1.4709741742149887,-0.8564063580658162,1
-0.8662368676566322,0.7480333042538482,1
-0.0127286971420859,-0.9327689118892616,1
0.5793289210396763,0.015490746720151601,1
-0.5973075499991091,-0.026062190662743685,1
0.29307099314391793,1.4239075886654253,1
-1.6364049742481894,0.4540608229103125,1
-0.274763605523358,-1.1438590744929897,1
1.610447720238685,-0.8469600830977269,1
-0.1745637065066366,-1.1759598385415297,1
-0.35574757535516244,1.0105740084678396,1
0.29338168850920343,-0.8147890999091638,1
0.7582331717706163,0.9529260518753344,1
-0.1835972740386811,-1.8802708445836902,1
-0.14966977437692178,-0.4326579522847336,1
-0.7187367381771625,1.564530343219228,1
-0.10817263828722827,1.577732919942574,1
-0.6483273419762191,1.3503326461810599,1
-1.055513035225223,-1.0528892429292642,0
1.6282748104203646,-0.15772628826928206,1
-0.25258961880377645,0.39567210428661326,1
-0.2150705996465885,-0.3967875695774815,1
0.9406129744578463,-0.6480327995974218,1
-0.9162292390204851,-1.502176615070069,0
0.6543154282039003,-1.037111977908074,1
-0.6369306403761622,-0.6130538241402276,1
-0.7982250592946438,0.0576688551316331,1
0.27800231662684566,-1.0718445624408048,1
-1.7960468582672902,0.5272939685554529,1
-1.3865899084654345,1.0220777694435774,1
0.7296239621438201,1.1216551333062812,1
1.2375538428222332,0.028540855779260455,1
-1.8308278762718755,0.5911252251124965,1
0.2608337296566136,0.06852840243561564,1
0.6423927500580235,0.9571932344535917,1
-0.5793220006254056,0.8395998379394678,1
0.22397906202760046,1.6473268799828138,1
0.24084204091446013,1.2719420466835132,1
-1.9173542534057604,-0.020376567416339544,0
-1.0885336964097132,0.7439248317396077,1
-1.8198848462796988,-0.10469463526154613,0
1.7373388276011006,-0.5775938273816285,1
0.47145581823532656,-1.0276855835140775,1
-0.693215267618739,0.09567679233670971,1
-0.4995936696114967,1.3476918909758304,1
0.9242376266869713,1.1073449714927022,1
0.815003403135074,-1.788159049387821,1
-1.7118017621898343,0.6774853421466935,1
-1.4288191126576932,-0.9977877440792422,0
0.7796987162819913,-0.6899372736826429,1
1.0163165364986508,-1.0354573895750971,1
-1.178523190067024,-0.07880532118293805,1
-0.3224828576417948,-0.15386608256941403,1
1.132071574479323,-0.13355081122785228,1
1.0828653315655703,1.4688561891889187,1
-0.6194134720877512,-1.5970463642782904,0
0.7628410005919871,-1.305169381512004,1
-1.5863873396224857,0.054669171987112734,1
-0.5081224093388605,1.9095997523962984,1
0.26821251358478054,0.02548092868578278,1
-0.9653610277084343,-0.5731262094454546,1
1.6033416997300098,-1.0478842516450064,1
0.2687112715029064,-0.7453732637510256,1
1.13512566977256,-0.09666224558997537,1
0.3030802934368566,1.2862116623800817,1
1.2428217377573159,0.8914150486631859,1
0.22805415298387982,1.8035119090514593,1
-1.0572258094460494,-0.7273695208702445,1
1.1295706487249855,-0.5061601737318697,1
0.43516005979875044,0.0432981388554173,1
1.1008024986947391,0.8504059396119112,1
1.7167682651995748,-0.38232689893538724,1
0.5257171310867224,-0.9557325617645817,1
-0.6290982725259965,-0.9080128111830514,1
1.016447958717149,1.1230559710108692,1
-0.08968039201891377,0.41956309829600186,1
0.1738766611442872,-1.1996938810727156,1
-1.4525742268486952,1.0773387307876185,1
1.2819007925606836,-1.0580750594747061,1
1.730936167200882,-0.6286940622875011,1
0.4831069944630123,1.8085517876532935,1
0.8534046473976159,1.4062240851939918,1
-1.401063309254878,0.36515140693880377,1
0.8216482125478862,0.8430710275326962,1
0.28942786290023154,1.9215714790696596,1
-0.14564609238041004,-0.43733977546152597,1
1.1677099331375496,0.571915030015384,1
1.628080819898001,0.5731069601695282,1
-1.1155471285049265,1.0120417548491893,1
0.18702990408651482,0.018049978895695904,1
1.2655716545311673,0.6242433278922592,1
1.0458893228760011,0.5232554483574589,1
-0.6709889934289475,1.383240376275591,1
-1.1011766557903888,-0.04025732841323258,1
-0.565640998747756,1.8644219907788824,1
-0.3164090702527103,0.27184573885929486,1
0.6481076473998252,-1.3770535815018172,1
0.28816405045661847,0.43754707052967184,1
-0.42963974026303586,-1.4799376635524852,1
-1.4119848761367662,0.8970171130078312,1
-1.7402570988247712,0.13613318511193517,0
-0.9560256682182222,-1.590147157232315,0
1.0831784478352793,1.6575703392494225,1
-1.1012628271339628,-1.223101727317252,0
-1.9601942603147708,0.058557512474986605,0
1.0093364300322185,-0.05335329650484146,1
0.8347453886484183,0.8797694075875495,1
1.17752142621221,-0.6978645965339402,1
-1.1202362739048863,-0.021407342391261668,1
0.9363419644315134,-0.7860053215827397,1
0.834329953905968,0.20951643957053512,1
-0.7058285654010188,1.19704507569291,1
-0.3314353582361921,0.877256672264541,1
-0.20532410343183163,0.21675078912857432,1
-0.720323678065738,0.9728881490765001,1
0.9164185155079692,-1.1383029105880436,1
-0.4091108488273518,1.261206494082732,1
-1.0879341792736112,-0.5754951641459526,1
-0.06342950365671576,0.39699837289095313,1
0.6007392954896067,0.29115316505555683,1
-0.04589623310768334,1.5961749236857647,1
-1.4163589705869863,0.042547501956158994,1
-0.04870007562794044,-0.5400391410320369,1
1.226953094899822,0.9325845744572105,1
1.2793486507209464,0.7200386786092681,1
0.6390731054303819,0.4361962026585143,1
-0.08809783444567663,-0.8674664908059504,1
-0.9683612340090817,1.0594138680941398,1
-1.682806913796929,0.6201359357725916,1
0.21265939253431518,-0.13356389538703675,1
-0.24417270660018453,-0.35599580442482576,1
0.4960446632254237,-1.544012462813333,1
-0.3379439211870577,0.5710166677375609,1
-0.7307160703883949,-0.13276460076886945,1
1.5240370066557583,0.41228214015202796,1
-0.9571495892899007,-1.4450117164921548,0
0.8389204542949398,0.8366306269146941,1
-0.8362685617744401,1.4988379558706513,1
-0.7334277474633849,1.4317655629753125,1
1.769461363573688,-0.5349731428246486,1
0.9952353036196041,-0.1758685635502628,1
-1.3324038312831261,-1.2365988747248415,0
0.9584128908444599,-0.7121026222673038,1
0.810549832983895,0.7941985521801034,1
-0.6442080051983822,-1.7676149827234484,0
-0.19061949765382152,1.4791136341235445,1
1.7268087521628774,-0.7105033019762793,1
1.6645441032005068,0.08998637734036657,1
1.455545572772475,-1.0500735420494587,1
-1.829721339458581,-0.12035549427003737,0
1.6761703925772882,-0.4021291457911263,1
0.4612893092895174,0.4362707497691698,1
-0.5624831416305738,-1.3013155160482295,1
-1.7359277143388276,-0.7355584806372574,0
-0.515865118116486,-1.4706840244960153,1
-1.2129305562980426,0.6157706364766657,1
-0.15250921780219337,-1.8571611385322293,1
-1.382182811755075,-1.1304124814720333,0
-1.0476928086506858,1.0733330147519098,1
1.3932688157944637,0.601870715171897,1
-0.058293788046671464,-0.8015186768760065,1
-1.20048732545981,0.3974336225263497,1
1.500854930117134,0.7711273596539765,1
0.17301204395108424,0.21355003328277164,1
0.8811341627850011,0.11525632656472079,1
0.6239971149762601,0.028975114561078263,1
-0.08980893740546725,-1.9809897520019635,1
-1.8005265473959098,-0.787007678490454,0
0.9806397013730505,-0.05081538645525661,1
0.7938629046381882,-0.11940250978202697,1
-0.5249271526509376,0.4993236294070548,1
0.9439219621970532,-0.2719420168270848,1
1.1771155878395876,0.8234853386536451,1
-0.18013748145362954,0.9150975932961536,1
0.21319526634192867,1.4412057788185875,1
-0.3359913678311836,1.677860793970567,1
-0.7893382496183758,0.9597059665356273,1
-1.6898215131004648,0.1718377375385084,0
-1.0086215430963918,0.09413722773432824,1
-1.6882744698367045,-0.7244015708359647,0
0.6417987762867747,-0.6664546155895475,1
0.7949000717370707,-1.5363602369303042,1
-1.5432709760074623,-1.231010123671674,0
1.4159085300872556,0.8797611834823568,1
1.2220989333274037,-1.3628614401716685,1
-0.5382067404566567,1.1379777777894662,1
-0.7046057968505234,1.3624653030755758,1
-0.09311364637625588,-1.6647585270128011,1
-0.28093162035101105,1.5345876113741963,1
-0.9445374821834402,-0.9541978681264476,1
0.22865851016809347,-1.3450830349509661,1
1.4728642801827283,-1.3650261965412245,1
-1.2591470367158835,-0.7197886066873872,0
0.21006583130745213,-1.7404970072304764,1
1.6168075131109043,-0.024827517495459476,1
1.145733194999946,-0.4841856696837578,1
0.4589412837302156,-0.5307641249117132,1
0.6632476283509201,-1.4449351445586425,1
0.14453707923796333,-1.9301117521124822,1
-0.0061679934338099195,-0.8410280399571681,1
0.5894714198799547,-0.25522164896849114,1
-1.533073382984432,-0.9365883824408519,0
-1.1638230693821028,1.2710145100124752,1
-0.7754404956599013,-0.5627810472760497,1
1.3129082413764366,-0.9349139099396988,1
-0.2589225845274036,1.1708521081592724,1
-0.9228544520947746,0.5800691656576403,1
-0.7926672221539575,1.2872805970581669,1
0.6181344065746767,-1.2885016244300525,1
-1.767909362269998,-0.22078785450030336,0
1.6732224365762607,-0.7456734814113518,1
1.7642863051632673,0.43508868586884003,1
0.1483344929115197,1.7897948417209235,1
0.9399025272369841,0.30643967316362214,1
0.344481516124978,-1.5932511318722617,1
0.07813016558556599,0.0654737296223754,1
-0.3927981242514706,-1.6377535197061903,1
-0.1050085682734346,0.8976557866203017,1
-0.5043365828453599,1.2849843707219266,1
0.673498110078576,-0.5163361821028299,1
0.2657965185955492,1.524672779744606,1
0.6597878258569146,1.0947910769324287,1
0.5304663625138004,0.512314514617471,1
1.2518383674663878,-1.5665556920480888,1
0.888422176651859,0.3971926510661267,1
-0.10247201479363578,0.9025150458746136,1
0.8884622097414354,-0.9750123668950289,1
1.5920970311853906,-0.715589612714374,1
-0.5581123352286714,-1.0236572007659526,1
0.6977331555682612,1.5081650641445137,1
-1.1490732180646248,-1.3969003558027984,0
0.04141621772590352,-1.683539195652071,1
-0.5364024022142087,-0.4797224494491753,1
-0.23677559455594416,-1.0031033442376907,1
-0.9825525423555961,0.9497258104850534,1
-0.985209195519285,-1.56427904169117,0
1.6775467375202064,0.6682535723284646,1
1.747162877171232,-0.3236303080537777,1
-0.424620716009416,0.12856535327104818,1
-1.2399336262554128,-1.494064562191618,0
1.5140720927609015,-1.0169254589473447,1
-0.41917048526381434,-1.3306938285884224,1
0.7985668119058167,-1.0185947792147987,1
-0.5325058190048313,1.1969932977959048,1
0.6487261556736946,1.2979326104121474,1
-0.19250432948933457,0.24990449012086396,1
0.3622891964189376,1.245990778869965,1
-0.20668820816654418,-0.020477860727188695,1
-1.195094044891485,-1.4943412096243758,0
-0.07506472316107116,1.453469067380741,1
0.5283639925000337,0.8545339667958154,1
-0.3612816364077129,-0.43918613281866664,1
0.6069651284957994,1.6549154593285085,1
0.8848975874095649,1.4418461540083092,1
0.821738253535457,0.07810691076732473,1
-0.40904453360564197,-1.1923423926544607,1
-0.775464846010904,1.8211215593818681,1
-1.0325096797067475,0.6462141494546829,1
0.6068962789020842,-0.9782207999547877,1
0.788144236490416,-1.8076298143191283,1
1.6088265894468634,0.35828979055310534,1
-0.9738363666615393,1.6939873480778342,1
1.4216079736594114,0.6391337886253362,1
-0.592671791511854,-1.6277533187745854,0
-1.147820845437329,-1.3401241749547095,0
0.6483133811248913,0.7831809257576794,1
0.2614420807681613,-1.0064228427706376,1
-0.1764797966350189,-0.7874397278738705,1
1.3305202809570438,-1.1864102311919764,1
0.6575060331514071,-0.27276517857337373,1
1.5323381664797693,-0.1372510963347159,1
0.899868670112718,0.8066679335301913,1
-0.8298499406435899,-0.49240147683401897,1
0.17593213873905425,1.260580508311947,1
-1.1622370876543064,0.6063462175447911,1
-1.265492318574376,-1.495340867887641,0
-0.1946423900791831,1.439356906533685,1
1.6164174575428936,-1.1696457497607469,1
0.3984249841859006,0.05099101086436289,1
-1.0010751721863664,-1.4485425384813153,0
-1.5267822295890388,1.0480119924986118,1
1.8052162633842341,-0.8000640190637339,1
-0.9037036024295401,1.345918197838101,1
1.5813240361627996,-0.08041357850517242,1
-0.04797993672533722,1.741908829461393,1
-1.682142510102936,-0.8680280904208137,0
-0.42037079832540153,0.5031432319100615,1
1.9849588244622771,0.15100348456865811,1
0.9994856236035606,-0.7179694826661204,1
-1.055543274922027,1.6098409163153435,1
1.72328473999267,-0.8891115840979552,1
-0.4795327498083291,0.7407622445514301,1
-0.3526461691105044,-1.31954572478274,1
-0.9993611190768917,0.2650434650113753,1
0.5593946780204625,0.7887478301502572,1
-1.483903400019693,-0.4323729173730701,0
0.1985173220479435,-1.3040095548822985,1
1.1941039792192611,-1.6074404084418839,1
-0.4942320384040847,1.9034259907408924,1
-0.7845372467620934,-0.6071092396950104,1
-0.3377415377600459,-0.12164928072644822,1
0.9491175530361292,0.48255029343228434,1
-0.152304263321308,-0.4438623195050155,1
-0.8490165046573916,-0.5756506371965792,1
1.2729527607486213,-1.117033116954539,1
-0.6717544671340205,-1.876137294824275,0
-1.3569059957732499,0.7914202309299487,1
-1.1424030939786618,-0.052893615976297735,1
0.9296537117229521,-0.930931563884438,1
1.2441433963316084,0.5701201239432149,1
-0.9906068995443562,0.4161660390778127,1
1.320683085755537,0.9855377582410783,1
-1.2971324465605583,0.3047826383465252,1
-1.5154216733854091,0.3165770638143992,1
0.28116323050356834,1.1605907318720705,1
0.5728349655525284,0.8783217011165347,1
-0.018850559247121715,0.1652863619692251,1
1.7934653328937502,-0.5274949504610773,1
-1.5143420868231057,-0.10777245351958677,0
-1.0517946612459679,-0.814834506569093,0
-1.1870670170312485,-1.2968870830302535,0
0.07858076790490463,1.541196563182182,1
0.1341891339655106,0.14686571685028435,1
0.6529054382344877,-0.9563328694356639,1
0.02003027504274879,-0.3104306787909776,1
0.0037227134714251254,1.113090655474409,1
1.6644479981649825,0.7858046879525407,1
0.46750676663921753,1.9102725023181564,1
0.015549901167256826,0.5143629897482977,1
0.9048563283854483,-1.6532769672874899,1
0.9231525571989758,-1.7481888442753357,1
-0.921012122635814,-0.5666591650278848,1
-0.29029848293432914,-0.9788102319506052,1
-0.6431477468140218,-0.20435188711883218,1
-1.8446026673882998,-0.16594570898708438,0
-1.3315471192700417,-0.9600919400713428,0
0.3535144799243671,-1.716265546466227,1
-0.2827499504541584,1.5312097465850798,1
-0.5850176512178443,0.28489698849295997,1
-1.7541551224702163,-0.38710782275285166,0
1.3464465052590648,0.7082992247416379,1
0.396324557633603,-0.8704093345925298,1
-0.00800899761117862,-0.5304125424705348,1
-0.30896288008765327,1.332117142881929,1
-0.22950334767926447,-1.4017092793598733,1
1.2735560116723739,-0.24948507934461323,1
-0.6483852575114047,0.8454723202112473,1
1.9948016834641422,0.16944200052383385,1
0.6639658782248126,-1.7213629500205265,1
-1.412078436515233,-0.3383478908124566,0
-0.13857018715488376,1.084502371355578,1
0.5250688049739319,1.6016890120531744,1
0.2249980960061314,0.5319250967444278,1
1.183641630931455,-0.33218541592127865,1
0.24806059588976193,-1.3270331937129443,1
-1.46812655954135,0.7452901575536214,1
1.9492455575922234,0.4343799567542516,1
-0.06375323734161706,1.094515479715683,1
-0.4297771417967555,-0.016265422507484285,1
0.1418389033075152,-1.959443295413197,1
-0.6253500431881365,1.2298623088328777,1
-0.6790397068995631,-0.09398634580291083,1
-0.5328891469177438,1.303793555310492,1
-1.5282934328565818,-0.0823236622159245,0
0.10098882086012631,-0.7677414028991079,1
-1.7801104409914785,0.6302283718897231,1
0.13021748525145593,-1.7991095571832865,1
1.5485753093685903,1.1925871788790274,1
1.4094418986289363,-0.9487824514737999,1
-1.1648976743643813,0.9431002517601875,1
0.2085650726837969,-1.8792771517736977,1
0.4282404719167863,0.38417110019927675,1
0.7696201610248817,0.21713304980038392,1
0.7682661869131142,-0.4112052287844538,1
0.7664404457500927,0.8954723288356496,1
-1.6841517363469147,0.5215090147794684,1
1.2807853367075006,1.326290476286214,1
-1.0618173655650431,0.29202981105617554,1
0.5163764402779693,0.9690304818572806,1
0.1593414427625214,-0.3576085187340266,1
-0.6835488480299811,-0.5933434242388953,1
-0.5640668607900448,1.5332140035730237,1
0.925782032480083,1.084457548093794,1
-1.3311271253697692,-1.2764758224644346,0
0.4380946648258794,1.8025753748637918,1
0.04204974162610972,-0.1645851838305115,1
0.28840111122609663,-0.8492769857206907,1
0.09652416876427489,-0.9594091312628648,1
1.0215728500307966,0.9528469162063438,1
1.818707996268822,0.5457237994304995,1
-1.541974796823813,-0.6180423058314843,0
0.33070432283827195,1.7032946410882857,1
-1.0436678256530147,-0.39389997509370056,1
0.4977227335727429,0.8677768373381695,1
1.7181326961027983,1.0003704543262266,1
0.13693785996937435,-0.09122932951196068,1
-1.2737959106966346,1.3355737331276172,1
-1.2964957007294446,-1.2833329543286238,0
-1.101961427044051,0.1636787398130559,1
0.5704492260475406,1.4548442853054275,1
0.9809501038162509,-0.3181553383414273,1
-0.7850582642202638,-0.16762779650217594,1
1.0421984556234793,-1.162802907141974,1
1.7539483172224388,-0.2766380033085812,1
-1.2352362565358381,1.5368293661475914,1
1.8122000649142198,-0.7840578530145135,1
1.532631777668369,0.5870083455099009,1
-0.5803723548159461,-0.9962965570787817,1
0.654481019551511,0.5080220864290171,1
-1.5135926428673092,1.2370989818336744,1
1.2277023925198722,-1.5853259679862297,1
1.3302149595688164,-1.412976069273498,1
-0.9308457159906824,-0.12705180264464516,1
1.7435241993093509,-0.8703261503173446,1
1.2428744828653722,0.692419113347782,1
0.6062250196485844,0.5845055664096989,1
0.9155608376095637,-1.7204345881248924,1
0.3325559684274417,-1.4626691434652719,1
0.870891972516652,-0.6783964279815851,1
0.7459413351792512,-0.7203989950887771,1
1.8808129498925803,-0.12365116137501629,1
0.2245348486810449,0.5086477253505335,1
-1.0772871066091698,-0.8752566346727969,0
1.4475425273985305,-0.21831015312904628,1
0.8411564643284795,0.5434642785204189,1
-0.5625299342855868,1.1622903390791437,1
1.2762237193619395,-1.2551317497808452,1
0.030261037928431118,-0.4746260392186188,1
-0.5073513563175784,-1.2517009655830473,1
-0.5210158492008605,1.3240972199654109,1
-0.04412800067929462,0.5496749921555528,1
1.1210608877932218,-0.4818439901983097,1
1.1887009820325904,-0.20508119602990596,1
1.2292972962632003,0.509997707411766,1
1.8288478101147105,0.7617876503205139,1
-0.5452532205596775,-0.9458340745102741,1
1.2982606486358514,-0.45067930879021006,1
-0.9586978929529792,-1.452670123353136,0
-0.2690349865058788,1.3148211943614954,1
1.2713525598906708,-0.31763908932465906,1
1.3546368559796191,-0.984012498800909,1
-1.8595440556263283,-0.1646582308280709,0
0.663228045711797,-1.3398030429554337,1
-1.0961272772867545,0.26963670831793585,1
-0.45487177264301926,-1.6519616884067005,1
1.2679620762786412,-0.2832980766449617,1
0.3059116368701414,1.3713693795153479,1
1.4254268105852257,1.1534083318695096,1
0.754424558513465,0.5114971020631185,1
1.5276889004806236,-0.18499217455899017,1
0.9428184112803649,-0.9210975532780205,1
0.7666381002868458,0.9119777492419864,1
0.37636939410955483,-1.0162254935291208,1
0.47219383034518986,-1.1438700199639207,1
0.02101377506996959,-0.04979164150965669,1
-0.5991481340872973,1.8273297583034687,1
-0.9372156674945431,0.4705791801402034,1
-1.4266436267094753,-0.33307820407611843,0
-1.7821783375722657,0.6108417442190333,1
0.29690251492606134,0.011539758575927192,1
0.9158946184056684,-0.9472890904922774,1
1.745209992169086,0.27619456726859987,1
1.6687399181739155,-0.4058033577543596,1
-0.9213850404335907,-0.6752392979830735,1
-1.3229204124239762,0.7993231588495555,1
-0.5383430123668477,-0.33167754078484724,1
-1.0497818549698954,0.3233976291337654,1
-1.4501326452683054,-0.5573912486075506,0
-0.3734961571441831,0.301021505772256,1
-0.022450772918748602,1.5938318147881325,1
0.7194298611629321,1.1062323295038532,1
0.5998578829564739,1.0111815106472972,1
0.24581580121992336,0.47152662110383126,1
-0.9205494147976084,-0.7000332721387479,1
-0.050317796848727094,-0.5741242325701653,1
1.2974552369830448,0.9820290706989403,1
1.7958624084488217,0.5852015471706461,1
0.7307701350349722,1.0249620203834167,1
0.7734797766617506,1.2970391970224926,1
0.5942555634812653,0.5191579573940994,1
-1.6352384968583098,-0.854337117599163,0
-0.23294547037050436,0.3897576282111589,1
-1.2076596926684038,1.2438171080715223,1
0.9483230326780266,-0.5107666575873094,1
1.6167863990814706,0.9653826892934897,1
-0.524030665284376,0.3603059044275337,1
-0.1862391648294413,-0.8942845982295552,1
0.2682157017318794,0.756614956508021,1
-1.5049092100105577,1.2470874719445926,1
-1.5143167894507223,-1.023256590488033,0
1.34160809324951,-0.6973197103603587,1
-0.6677684115903142,-0.95792612264393,1
-0.2234745227452993,-1.3810844477544102,1
-0.36120393485636565,-1.5448922019567857,1
1.5865989691609268,0.9097128464529312,1
0.19826427791216839,0.7887290266351392,1
-0.2168809187727357,0.5358667558137911,1
1.4307288304291892,1.1746465912893918,1
0.41388618219568796,-1.4491777627611346,1
-1.5483046305340071,-0.22581322897385386,0
0.45526476928996695,-0.4816552013272072,1
0.9334096426695502,-0.9573734964106285,1
-1.6799288830990993,0.3045774805993869,1
1.8743516755627687,0.34805123005707767,1
-1.5590681351660187,-0.754431008318865,0
0.7635225207513329,-1.4484158707436254,1
1.7228987771102218,-0.37894316280190066,1
0.17730539601085088,-0.4940939577339556,1
1.7194854405931554,0.5300731234951536,1
-1.2690135415316128,-0.08077472463371416,1
-1.4800561059544475,-0.36076432839495826,0
0.1792282586780668,-0.47353699275126104,1
0.22795970336063226,-1.5706362948720867,1
-1.6085593273240881,-0.8967137496763946,0
-1.2134623416241233,0.8609221582365378,1
0.6596920673796048,-0.2021369403378424,1
-0.7084919364589645,-1.6108353307999472,0
0.38577646641581453,-0.834150923136155,1
0.18826346092475707,-0.0806472452930855,1
0.8617823605299401,-0.993080922224691,1
1.076045959520268,0.6106324648504864,1
-0.3341562888011562,0.7114503588573349,1
-0.6156077585054412,-1.3581189387353152,1
1.2767945621768417,1.3458384445480287,1
0.31424511931314797,1.2726483604800536,1
0.13202243574291908,-0.08473227837920205,1
-1.104341152196005,-1.3270348236151341,0
-0.7859622468187812,-0.993645704204076,1
-0.7725069906484355,0.15898748596390722,1
-0.35981618753481254,0.4514979141202145,1
-1.8382045410764636,-0.23365480042975076,0
0.8175158586199124,0.9883728416139979,1
1.0696434682891445,0.5611565084577601,1
-0.49518896231639326,1.1765501632238948,1
-0.49083431295094154,-0.6668696547528113,1
-0.08103383492589249,-0.5354044437659425,1
0.6878616526226504,0.306835005200319,1
0.3294415346263717,1.7154638160230928,1
1.7120810042221124,-0.30381148560957133,1
0.954519483027497,0.3624180670976833,1
0.6776416320556817,1.3117817847904214,1
-0.05878306831390535,-0.2801664945115265,1
-0.6037968487571251,-0.5393002285107128,1
-1.2138594241446043,-1.3151238902612845,0
1.4667527263144868,-0.021224150020108766,1
0.41015316699343163,1.0633382328698946,1
0.24851339680574133,-0.5790966731455314,1
1.4897290343534302,0.7023881522133125,1
-1.0460140211736666,-1.0850417738143285,0
0.5807370825363418,0.03269858916455749,1
-1.4475989444881914,-1.137525732417482,0
-0.41018089715852074,0.6056111338497207,1
-0.37423579164426574,-1.6948278718047778,1
1.795019601850822,-0.5605573553277328,1
1.2267637541533338,-1.3346414670706601,1
1.0326654980577972,1.2983122102239981,1
1.084302672916428,0.2127935223039895,1
-0.2260969788486535,0.2020240094986841,1
-0.7395486327110166,-0.5461103471677367,1
-0.8787331835932313,0.15082671243625262,1
0.6302218791170213,-0.023881232624277916,1
0.13181435831771515,-1.1450799946322396,1
-0.6699405185473538,1.660000966539339,1
-0.22116937381783675,0.39714395447190426,1
1.6845383410123629,-0.7374073305486382,1
-1.3167074213569319,-0.9855631566122101,0
0.1968410241786833,0.6937470869221672,1
-0.38920998777494115,1.656112822792629,1
-0.5177853955491534,-0.4521303678987554,1
-1.4034347251842274,-0.3413554532708064,0
-0.7810209286714496,-1.4465969347517953,0
0.8713333610813704,1.193368241568131,1
-1.8875428533327228,0.3605422536618976,0
0.036429201694400996,0.8892156717309647,1
0.24904806031001456,1.304524049265999,1
0.6352717510940383,0.5704373514541979,1
-0.40932678019937885,-0.7185890768787727,1
-1.6375511584298228,-0.5331727213683204,0
0.6674236608518294,-0.05648332224849023,1
-0.4837632480858945,0.6439322058714722,1
0.46513049440492477,0.17538383557555365,1
0.1747469763669033,0.4281121996441712,1
-0.10831060470801558,0.4737504116105044,1
-0.32659565792915035,-1.1096714069885079,1
1.3348451878358871,1.133544023656203,1
-1.1127951507861036,-0.940936700655878,0
-1.3908014676553515,0.16267379236754,1
0.7601842684401233,-1.4231752783573342,1
-1.1127677552091901,-1.5887322364049878,0
0.929912833140042,0.9956151706492611,1
-0.24033344231483172,-0.260379741814683,1
-1.1866904093535735,-0.24852317290453554,1
-1.1742992979788125,0.6500219690692675,1
1.1387416789246747,0.12012980806191602,1
1.1182496805501083,-0.6109931554612688,1
-1.1956881281955427,-0.6093101327716393,0
-1.1623728422520883,0.15877859001926597,1
1.5802959689060136,-0.12238150941820637,1
-0.7975994336968752,-0.2586207321143158,1
-1.364889706988077,0.6681427030601756,1
-0.5235623643227797,-0.35834369031057983,1
-0.8742529035721599,-0.7532025223234744,1
-1.7762261997319728,-0.42141120902606366,0
-1.2741682588272265,-1.3420979571554557,0
1.9524072869501643,0.02227325836851304,1
1.0530642011612958,0.48569933907226964,1
1.5776867513831971,1.123725332525435,1
0.04902387693521605,1.3164949701957764,1
-1.0493564396129726,0.9298460666110676,1
-0.9203296852107286,1.2992777035411132,1
0.05334878017670821,-0.7648263954132574,1
-1.5620369296986536,-0.23861639637740864,0
1.229308279746932,-0.6867712034662147,1
1.3971172010734834,-0.8303159461834693,1
1.0460688009364885,0.9299964919218532,1
-0.6341282158333419,0.34688324784527264,1
-1.2717997151458083,-1.1090236282772168,0
1.2223927436066249,-0.5768239018445273,1
-1.2731157749757025,-0.5782813502024086,0
0.3495240382687985,-1.7998909849759543,1
-1.2850168505946473,0.9223251264245357,1
1.6979022259593344,0.7406032200948987,1
0.6781655355761813,-0.7818242613366101,1
0.00450362526869073,0.9404581619179099,1
0.6892799981536758,1.7100029062766697,1
1.2229443392217496,0.03494041603142919,1
-1.8845298489081992,-0.17309013490200822,0
1.011097867532345,-0.30583924609764784,1
0.950678683241775,-0.33968353814465174,1
-1.3755972564748282,-0.6522553688545232,0
0.16038201595578655,1.6902841801807444,1
-0.14655258305215776,0.4855598468756803,1
-1.6022593660614726,0.3821111592475128,1
1.9379963508022933,0.21438939969718918,1
-1.6534796288045088,0.6975440021997289,1
-1.7111236009408386,0.7030099422342402,1
1.2571581449381601,1.348831650330479,1
1.4804761203931769,-0.4488759653436782,1
-0.09813937489443275,1.4184614045124058,1
0.8130505754770488,0.7586414918944683,1
0.06120467409471155,-1.7325006002522505,1
-0.749958826268062,1.3636253982126805,1
-0.19456534400546435,1.5518916325512997,1
-0.8459932764663258,-0.1513919270124961,1
-0.8415955331448767,-1.0496432844125148,1
-0.7883363169397535,1.674072535562804,1
-0.9862074696011591,1.1082550234069939,1
0.24153472147477806,-1.3737562230381228,1
-0.21649494684473622,-0.23308721065546908,1
-0.36109598394610176,0.5121659522071136,1
-0.1987610234574473,-0.9719502485237677,1
-0.737228431126028,-0.7391398992850506,1
0.652288558510711,-1.5854000387292637,1
-0.6766351564160594,1.715131963928418,1
1.3817724393143334,-1.4425213384304074,1
1.6142534905763863,-1.1846435809065294,1
1.3907190525660327,-0.9588422429196842,1
-0.5812016942897984,-1.8808201394589323,0
-1.370323560433668,0.27221636296272633,1
-0.3350608781782534,0.6324398107626046,1
-1.9000762826372115,0.11546343861469753,0
0.32136928371565376,1.6648786690887574,1
0.2582510424762101,-1.8357855091224213,1
1.4269859795743876,0.23381530430258354,1
0.7899781193893793,0.24685176958670174,1
-0.008699587744856137,0.8930352709153392,1
0.4288630729884992,-0.41887754461709487,1
0.9518493178301497,-0.5191483781095825,1
-1.2490128402505778,1.3399019858196863,1
-1.2542647682766,0.8553044546184366,1
0.7354041531796194,1.4218559310373509,1
-1.5619190128561873,-0.4233978078170604,0
1.3488346224662318,1.0711198240432251,1
1.4274253915661397,0.8244884015552159,1
-0.43977152845660367,1.8949377516956265,1
1.052893058474481,-0.7568639612952176,1
0.1932711651867016,1.2007171928426417,1
-1.4629304595588302,0.06795911000701249,1
-1.2732467515464205,0.06391075676064502,1
-0.7660472214405937,0.626372048614186,1
-0.3606358281734404,-1.2076478604731098,1
-1.0627849124356699,-1.2693672576981117,0
-0.6542450545129063,1.4509432316401591,1
0.47315194111006487,0.32608654572083684,1
1.3853960099835931,-1.1766372957391045,1
-0.7447700922968675,0.6111388796642583,1
-0.18340682880750728,0.19400517023623695,1
-0.4221481284949234,-1.4485078329601053,1
-1.5572227271502086,-0.6083878438120823,0
-0.39916810043348766,0.8839924135538597,1
0.21706644755009302,-0.005457340156750457,1
1.1421761665644086,-1.0313818136275745,1
1.2403651227818457,0.7958939143381416,1
-1.1887250151576034,-1.0112885294109628,0
0.3879889862574954,1.27228002396514,1
-0.4402674319035228,0.6607011439985279,1
1.6343208056803575,0.37668033722226313,1
0.2743275812369985,0.35480635046931264,1
0.6359943461713722,-1.3307564402564138,1
1.3485925215171488,-1.1139575599668825,1
-1.528640610050279,0.1750452693502076,1
0.9600488842289582,1.415104499645172,1
1.4961142762102058,-0.9609941489101772,1
-0.23265165469348414,0.6381473007360278,1
-0.32015033069464244,0.06836096995664674,1
1.681510089910035,-1.0739914493366889,1
-1.3963768457226051,0.3034987082421105,1
-0.3337774781047917,-0.8288942593501782,1
-0.5984794589539257,-0.3991489286635379,1
0.6921532874776496,1.8561433852837166,1
0.7602028851059222,0.3645209907013863,1
0.48072347589710335,0.013138004718736884,1
1.1163545879025163,-0.35130144461760243,1
-0.8880406755868313,1.15109672507166,1
-0.059181667559141976,0.7329403992576499,1
0.9884876803529515,-1.5156377517786859,1
1.2690228053913253,1.0246566685083665,1
-0.08550836706973032,0.6308804004607284,1
0.4313249988314313,-1.9416839563524544,1
0.6316019283063792,-1.2728001690707196,1
-1.2454996538302574,0.9550233547922115,1
-0.47171406881352407,-0.5668317318751724,1
-1.731273041371273,-0.49568819403096565,0
-0.18899118319127242,0.6751512066707189,1
-1.6846187775016195,-0.22321856462781792,0
-0.49624127259128126,1.6816599795100915,1
-0.3866720540596133,-0.4977151145353362,1
0.13099694133874654,1.5309425745310596,1
0.8091937189571762,1.1593324053906826,1
1.4417394217438761,0.7929243188614752,1
0.6484433352064414,1.3371424533879182,1
-1.2879499206139218,1.3157705734407883,1
0.8499603938212937,0.5218607786680279,1
1.2904508242921646,-0.053759658876885684,1
-0.6116067258365955,-1.6601528663349405,0
-0.224925432986738,1.661587588248786,1
1.1632009241862662,-1.319288659927306,1
0.16851495492211802,-1.957416809619826,1
-1.5027636632192114,1.145352025117808,1
0.8672032159974267,1.5886304771988755,1
0.5049095459727956,0.16399556190375428,1
1.1651840598804502,-0.3101247296188477,1
0.9521792467385021,1.0678200203325332,1
-0.009798333300049896,1.4997145394806666,1
-0.18636634099699956,0.9329338084278938,1
-0.39345864695818134,1.439184588148958,1
-1.2972664452198222,-0.4862147542905848,0
-1.8334446695705668,0.5357895578258272,1
-0.022782356853752066,-0.2882388317335822,1
0.677677139813597,-1.2886660311632088,1
-0.03645878078935712,-1.5405672805032586,1
-0.1591919001524206,0.8271918925564534,1
0.5822623996907427,-0.2893644560846694,1
1.3036129197459532,-0.5163867380794179,1
-1.10934563099402,1.6254231883407844,1
-1.1488012210754666,-0.724077204805567,0
-0.4381340372673358,1.5711469383898522,1
-0.8038689481200768,1.1064088491972506,1
0.10148402493830556,-0.13198938202240776,1
1.3144274632760948,0.470645098776726,1
-0.2526372855800828,-0.0006113239997397648,1
-0.14916547408739322,0.8048624397892707,1
1.5719665092332304,0.8503169382909681,1
-0.3263284691379113,0.786324353278554,1
-1.0552524880512955,1.549177318286317,1
-0.31997064286933685,0.7765560864858648,1
-0.42004086680233726,-0.8581677702745544,1
0.9363613213406755,1.716558775582694,1
-0.7443923958658547,-0.7153435929993647,1
-0.8430891593454487,1.381421865153585,1
-0.6106647542880328,-1.3141524484826466,1
-0.4382694836776108,0.4032020653543518,1
-0.7061196554858361,0.11356528409144397,1
-0.41529095866580584,0.41425921899353974,1
0.45550476772994364,-0.5411255560651309,1
-1.9298721533088774,-0.47088026718206366,0
-1.3226147666062948,0.22849844792904947,1
0.1608888124786344,0.9677014692055946,1
1.0465938024158652,0.8849696972291656,1
0.9232030717088905,1.6250222290608058,1
0.8556970450714281,-0.8765580951201396,1
-1.5264694036871755,-0.70971481956455,0
-0.9067461025821655,-0.6091729864775375,1
-0.3787515951146213,0.5593958969648343,1
0.3182722109129783,0.4162819352392908,1
-1.0385068552597314,1.3058398612894757,1
1.6408852700370102,0.5741916978759047,1
-1.604873928518007,0.09816305514294087,1
0.45908367477515494,-1.3604668641664508,1
0.6693808789081914,-1.596139746481882,1
-0.5642713100297091,-0.41471074191683394,1
0.06550036054108291,-1.9797051554539158,1
1.496368581345981,-0.6959150394751141,1
0.28622678608532476,1.8771700389823849,1
1.2794474433033003,-1.4001811224832181,1
1.9520246839482416,-0.0621969017120356,1
-0.5943450001256929,-0.7932583510163671,1
-1.2196065067313708,0.2472515931810775,1
-0.31256046515843705,-1.060201421082537,1
0.2403905618617978,0.9144502553205225,1
-1.344177764594026,0.21224268183107697,1
-1.280784411980296,0.9952442729928973,1
0.2933432727779956,-0.6183207862479324,1
-0.21055787915296012,-1.6230932559371474,1
1.2941557181152146,0.7148462042199948,1
-1.3064671465952078,-0.03010937814791279,1
-0.2537550848483407,0.36680152575298747,1
-0.15222148392069662,1.960378934154826,1
-0.026492538932142234,1.7060453353092282,1
1.4143054598863716,0.6850693614253183,1
1.0318718652195595,-0.7897375691819839,1
-0.03629770190574645,0.9199086669281574,1
1.0946826619461132,-0.2624134622912684,1
0.0017797893578357664,-0.6732158454808296,1
0.9110414630906719,0.422935358386214,1
-1.4841806845533996,0.006234839456409437,1
-0.9626808309581147,-0.009365051494019918,1
-0.6572256526484396,-0.9852862086406549,1
0.6345200496214825,0.6755421171783575,1
0.414308548794343,-0.4621524790743583,1
1.8973785573012905,-0.15555728462599622,1
0.9504269048864031,-0.6461293958897067,1
0.6776005209123706,-0.49137389891170924,1
0.7900358041299681,0.8317455916784237,1
-1.3085804227793059,0.05314726262596329,1
-1.7126583744078145,-0.7776868597456963,0
-1.1712088317659242,-1.3527848986468096,0
1.8415247132257724,-0.5606815080573648,1
-0.3002692237550235,1.3955408958544226,1
-0.7010124648147587,-0.47547937572356175,1
1.3205054725997394,0.383534891866429,1
-1.4646830197911722,-0.1400017864611706,1
-1.3297410937132943,-1.0068641453730691,0
-1.0935271631050063,0.9467699771475006,1
0.5772897014698645,-0.7236797908136303,1
-1.2004983806789615,0.9290367204867999,1
0.36232016495783337,0.3302162123093529,1
1.710938662940415,0.17719806487259204,1
-1.1270091159128,0.5579420641126811,1
-1.196420650491898,1.4991921177533678,1
0.15644771318869735,1.890709502640406,1
0.02804762110212445,-0.6233445368158133,1
-1.0280679156526504,-1.1830922489598241,0
-0.18779369508734164,-0.22476569542610622,1
1.6135560638201414,0.18841080326142828,1
-1.093213308317609,-0.04195836444722697,1
-1.6145324843798767,1.0618206286286143,1
-0.15147737974169725,1.0976041452372638,1
-1.2290650127749878,-0.5203678260079211,0
0.29565350917237626,1.4946787469128902,1
-1.7259853265539211,-0.2163119052563033,0
-0.7589166406769943,0.5494590250734709,1
1.9033459291639603,0.4058832737246086,1
1.1270296551153929,-1.52601218169532,1
0.17063484226714404,-0.05466864684302851,1
0.3033001300174741,-0.4923036128810108,1
-1.3569101881173091,-0.8709068223687948,0
1.8449236708585603,-0.08102745380770189,1
-1.8373400731288774,0.39027490933676423,0
1.2960041944647935,0.2633265492847381,1
1.8843629150158723,-0.03616791055723905,1
-1.4850065129950152,0.3991684734309848,1
-1.3029946040911637,-0.1969983354394159,1
-1.4065049076753129,-0.5192028596075031,0
0.4564211517699005,0.9521829271377861,1
0.028282041182175744,0.7432013588985341,1
0.6912028582239917,0.8386667668535761,1
-0.7062105489872038,-1.1634886428046385,1
1.346860466750042,1.2292287734699114,1
-0.8337413690601527,-1.1927706303798165,0
-0.5459156341854433,1.6509791004424805,1
0.35400730987996465,-0.6044204057954786,1
-1.7644137520610619,0.1411700012265527,0
0.7052312291704277,0.4449463980783249,1
0.03293211130293316,1.6217934484272818,1
0.4459419350660836,-1.8359738324333204,1
-0.05509266313457148,-1.907866220861224,1
-0.5259244991475078,0.4384464470966511,1
0.340977318898064,-0.3479553999936714,1
-1.051779670430033,-1.0707497826135464,0
1.0129110303587348,0.5314732468548716,1
1.8339878687432023,0.29165095036474037,1
1.1468204878344481,1.5317406667134537,1
1.3285447092862386,-1.1722196938492133,1
0.0031799770664183292,0.9158909778899218,1
-0.9302217741618458,-0.4760996145289227,1
0.06685193410430859,-0.3519997618972481,1
-0.2795749646023665,1.539695209025538,1
1.2073778037896934,-1.2925604969653783,1
0.09406960720467525,0.2641215612052134,1
-1.32515276556378,-1.392585498751028,0
-0.914305334255009,0.20946910533554708,1
0.03580901362203782,-0.5322730691807743,1
-0.27323458226834735,-0.5599518958996706,1
1.2272460836744397,0.937595332545942,1
0.7019821971585647,0.23574969033918694,1
0.8942933286364897,-0.5578876586008743,1
-0.22841927231069767,0.47366875378789963,1
0.5930117667149706,0.6732277513192336,1
1.8408944898236383,-0.7791658044241155,1
-1.8464283613742098,-0.20219006930383757,0
0.24902941164556372,-0.2825800370748972,1
-0.31634940483454577,0.5710768320476958,1
0.6983657568368645,0.2508513977381115,1
-1.9482079250149142,-0.07055799015845869,0
-0.7879796630106424,-0.3729037279275822,1
0.49701224654031545,-0.7818863775364059,1
0.3326664970537334,-0.2729204904995171,1
0.4267947957636266,-0.9289981081421933,1
-0.09057899400443101,1.0361867764358978,1
-0.6661729172872294,-1.1761704488629847,1
1.4425218613802597,-0.7245641427538368,1
-0.637854000023316,1.1490816791605751,1
-0.7849129465832514,-1.8159559628991198,0
-1.3207300482338635,1.133449388962639,1
1.6959653322194317,1.0404193677972986,1
1.50083207828386,-1.168396263911695,1
1.431883361112069,-0.6945563833769448,1
0.685359758544665,-0.42594308930523306,1
0.2508820004635245,-1.543965724166679,1
1.2108703153853964,1.4822617411850452,1
1.247302803192472,-0.06803891301547603,1
-0.508593552168291,0.37686521844987236,1
-0.6439925932964661,-0.6156874228799804,1
1.2079069337672521,0.8108732854168511,1
1.3585873725229638,-0.23919054603768014,1
1.7960389823892995,0.037976279619602316,1
-0.2847723617482963,1.1291129684332255,1
0.1479408051183062,-1.3551174567654998,1
0.9508709545559988,-0.6792774199038961,1
-0.1960964081720732,-1.5793872662358348,1
1.215795481245243,-0.17913381849105364,1
0.6817527638088472,1.0591406390680749,1
0.4950892461134904,-0.908347289295927,1
-0.434705745272048,1.2143284861616115,1
0.70998852485707,-1.3138861514673212,1
0.36420559733379126,0.09788860700960063,1
-0.3344303497038241,1.7021160839192788,1
-0.5933206687063647,-1.322224970654627,1
0.06248501158444786,0.32125861809320727,1
-0.8681614253872886,1.3161648770190377,1
-0.4195963770214587,-1.676685245861705,1
0.22103895325892972,-0.11092939595220626,1
1.6909840429360041,0.2221332124970197,1
1.4754489112401807,-0.6428969934408031,1
1.0718496277581153,-0.10804620019586793,1
-0.4399348239732837,-0.3752879150337589,1
-1.0707747427465801,-1.0352093931759605,0
1.3260818935484207,1.145014746482962,1
-0.5682868134835124,-0.058479880006544506,1
1.6892520949567902,0.5041414031037265,1
1.219850977512369,0.30305743979487987,1
-1.2034900394845522,0.22359346747691883,1
-0.9381841082473827,0.04290754035453556,1
-0.5540411935918076,1.223628884236099,1
-0.11826432515303295,-1.8190683217291914,1
-1.48495714311643,1.1823043404717979,1
0.36961672018654773,-1.92913990311697,1
1.7737035706374442,0.3585406220245736,1
-0.2972877434438877,0.7746389699511427,1
0.10624665963397183,-0.7267942427890486,1
-1.7970755895514126,0.5907497555354133,1
1.3075861232055834,0.6630887137317714,1
1.058093815797396,0.03880102561777541,1
-0.28851878150901056,0.12093389686014533,1
-1.8133428897581845,-0.47302701475982156,0
1.0903454372113703,-1.155666199094248,1
0.4548751900982198,1.1216493414707196,1
0.9981870793206219,1.1661341802617788,1
-0.8340906095013327,-0.24831002126088222,1
-1.1764642830870262,0.5638227764663162,1
-0.885120827032231,-0.7281647734305099,1
-1.5945563678679975,0.19439631981128513,1
-1.072182871053715,-0.6036244014494668,1
-0.7763448750883597,-0.5118206292180746,1
1.2906075177393044,-0.6646701938335893,1
1.5448962722808226,0.8462064341401161,1
-1.0348918630223622,-0.4376634233471003,1
-0.8751243529553107,1.1670026116343988,1
0.017244742112865915,0.6781620526904476,1
-1.41568045701493,0.480106781078772,1
-1.42940119948728,1.0774763081386989,1
0.001020095636524672,0.5852607294401405,1
-1.2746490487516866,-1.2814986164728246,0
1.6379530984210624,0.5683486010152564,1
1.1695800571931296,0.1788724595791356,1
-1.5127561594495813,0.18646831258328442,1
1.510826744721461,-0.2694621365202191,1
0.9621418605548744,-1.3377668804470484,1
1.6463090533623876,-0.5723414725003972,1
0.03433274043244474,-1.3413189378813628,1
1.3121958566198983,-0.00767947237179433,1
-1.6700038771663435,-0.018803462853505978,0
-0.3600443109899396,-0.9384724060335689,1
-0.03917825825714314,-1.5447517172320235,1
-1.8203175910318072,-0.40412780390527386,0
1.0018232200957646,-1.6714493976490368,1
-1.3643920912399736,-0.6414758559853116,0
0.1902548275155388,0.14941068644130961,1
-0.09795033616965969,1.2154973049849807,1
0.4341713753537727,-0.6722367409417814,1
-0.21492521826870636,-0.6544725269296928,1
0.5811654781627369,1.4628505594881271,1
-1.1397742877673325,-0.23583797849189367,1
1.7377547293882332,-0.3638939591893838,1
-0.7250591755606718,1.5911169687137316,1
0.058989569514941005,-0.32058018850191367,1
1.4457186622938516,0.901037172204487,1
0.7935548754763778,-0.18594104876374642,1
-0.40491961919719704,-0.48186312330167047,1
0.02032078499589073,1.4475113269162587,1
-0.6490087593593188,-1.4937892964040378,0
-0.15501952203190822,-0.20588803158053076,1
-1.6068260950285105,0.7539011818215711,1
1.3275254967441237,0.31787331216531545,1
-0.9360466983968176,1.3978180693779219,1
-0.03438797253594409,-1.1122818599851312,1
0.46032665522713795,0.382429036762926,1
0.10576600754140565,-0.5575613100387236,1
-0.9611900564646575,0.6930170415072467,1
1.0365715047263784,-1.6479596522318176,1
0.3320994035568937,1.6225675024126507,1
1.3483544584280651,0.6795907007301667,1
1.1244105187161413,-0.25794993164419694,1
0.5056588550017638,-1.3240939488298893,1
-0.22863568903472628,0.8795550004112525,1
1.5539509143232277,-0.2357006100754407,1
-0.9696399289969825,1.195274219819182,1
1.9342886248187021,-0.052485581880440765,1
-1.510744250175796,-0.45490011745243664,0
0.38285559799986807,0.9661212487595027,1
0.8370880538676865,-0.24156089886140375,1
1.6543350150299407,0.6580402163095863,1
-1.3793667335424773,1.316965491463772,1
-0.8888240908143992,0.6347992879723665,1
1.1343031376345751,0.7552269952475363,1
-0.7400250066582968,0.1864940995604242,1
-1.6379229820194925,-0.10757938950346155,0
-0.3533652115369333,0.04509899834081425,1
1.1394347383433334,-1.5365328913304865,1
0.2808057908791129,0.43271389533512433,1
0.6093929771623132,1.0911280151540372,1
-1.8063137656079655,-0.513623858869327,0
-0.16505346580717872,-1.2409914981235148,1
-0.685396125235221,-1.0488415490264733,1
1.0707626755548054,0.49717111993849633,1
0.405455754452867,-1.5471182733420024,1
-0.4961521257014895,0.3509947376036756,1
-0.5365192826226275,0.8963587092019967,1
-0.09260334147509447,-1.1194062516296737,1
-0.5671542537499292,-0.7121737110873992,1
0.05997738093772491,-0.23181255976421203,1
0.6210873029414202,0.7598858605108251,1
-0.7292611982696833,0.6538101854746894,1
0.9920504186247907,-0.2856190885011783,1
-1.4288947126411968,0.35097333279675724,1
0.4261651096209669,-1.0704016626100923,1
-1.1718282223208847,0.5211021682441027,1
1.3217444928038053,0.828208590394475,1
0.9348025832804983,0.5337750257080485,1
-0.5431924593993462,-0.16622123740265557,1
1.753341648688965,-0.054734059416179454,1
0.6834823821458184,-0.07249400024114817,1
-1.5767503506045044,-0.9661941589019617,0
0.6152965282178043,-0.10794565182600627,1
0.3244085426738618,-1.7686930826571543,1
-1.2885817739672343,-1.4829434457407051,0
1.4356014314893961,1.3675437897749356,1
1.846492061077336,-0.34483590471750036,1
-0.2895710875986563,1.1687792324562796,1
1.2514045794955424,0.6933114263314976,1
-1.3937575760745669,0.03863826589266694,1
-1.544482483003275,-0.031461643362519255,0
1.205899139179929,0.21718221530084184,1
0.749932410481006,1.4815193567469884,1
-0.4393093389233446,-1.0222436076744181,1
1.457576145198291,-1.3177618436712562,1
1.0032716124871213,-0.16623412250580152,1
-0.8987707990411763,-0.81261653762898,1
0.6775125510365736,-1.3915935896335923,1
1.400119588427335,0.18333097550457528,1
0.5043229941726395,1.4471782019313852,1
-0.1907335619797072,-1.6634387824437706,1
-0.47012416156857173,1.5972201097059282,1
0.08877363128821193,0.057290119039428766,1
-0.45289462402952635,1.815087698531398,1
-1.5625569441478664,0.08032643718709992,1
1.6019878008087323,0.8070623959388747,1
-0.5807411346582024,-1.3740059374931148,1
-0.9152265550526214,-0.22240613730289413,1
1.4537546574369207,1.2088432768747528,1
-1.4178206051404405,1.2572031688143874,1
0.7829850773391099,-0.682705164084964,1
-0.7715894292886321,1.0590633981596254,1
-0.990498928043493,-0.7640185979780334,1
-0.8375278114084751,1.1132913850702817,1
1.3253269605360833,0.6440632787876597,1
-1.8931817524617447,-0.28354960155262293,0
0.32474756126171533,0.03413222553983166,1
0.12060670790661204,1.3428211385680942,1
1.318823989782094,-0.12396830136067785,1
-0.5553352695913759,-1.1366863354656982,1
-1.0027846113367533,-1.108269570436489,0
-0.8121980554247391,-0.6506451124321757,1
-1.3922341405960987,0.9378913916142162,1
0.3202499772896964,-1.4920293176179316,1
1.6321791748701118,-0.40585446823189725,1
0.19031499062440108,1.4233189161188002,1
-1.6893656536215238,-0.8945771621031743,0
0.2422248272121876,0.08641218600932385,1
0.8227452720832077,1.8078430684213966,1
1.8782780640206507,0.4254194294959495,1
0.4460705443406341,0.7389283334218942,1
-0.5269403690468283,-0.6917689360490966,1
1.0062011868871739,0.6207575744997231,1
-0.7217168315574094,1.3117949619391782,1
-0.5408702024248092,-1.2739410057720189,1
1.7579086003498812,-0.7305227445425206,1
1.8518133277219242,0.17042086600087064,1
-0.5455176338659041,-1.6409066664245837,0
-1.8840613441898655,-0.3704316031236033,0
-0.9552817864841858,-1.0033729137195306,0
0.5266440340345585,-1.1088324513268681,1
1.289240546294621,-1.4385294825821227,1
-0.009971101744848042,0.42754792878287884,1
-9.135281287297538e-05,-0.9262191749438595,1
0.5411911661825376,-0.2193400155427263,1
-1.0719088956356337,1.455154105325467,1
0.16433683143476732,-0.8135575303883781,1
1.7004947290450045,0.9963671575697061,1
0.5022448890748628,-0.5567623113789446,1
-0.8572452422871143,1.3084030015999744,1
-0.9604828527169104,1.4157730015741368,1
0.7742143054910006,1.359061341548258,1
-0.3188249765396598,-1.6550293095356758,1
-1.486152582046759,0.7860192344744924,1
-1.1051987667198608,-0.7089503424407834,1
0.016734529694183254,1.4778965917569442,1
1.2303302738500512,0.49102294300679983,1
-0.6588872383156461,-0.6794758613561794,1
0.5537188617876373,-1.1390153621923926,1
1.4798461699963248,0.3533890830724016,1
-1.0481896172558376,0.1295160996497009,1
-0.2973620312616175,1.8318330837374184,1
0.7152303878453191,0.09338341331633757,1
-0.26901397384906844,1.0051740077683746,1
-1.2604040956902347,-0.4186796153988417,1
-0.21263716057546916,0.8768458843700168,1
-0.3175384079251923,0.3397072133260771,1
0.4328057581182179,0.13416871150564205,1
0.894224984484763,0.06969236715170105,1
1.3461224497233022,-0.14122515002636096,1
-1.3958799556630004,0.23238113714919834,1
0.12619016808588618,-1.9876891969287682,1
1.2151420334381067,0.29169014452870745,1
0.2900475588364723,1.0970112380874852,1
1.5576132535203555,1.0497049953145046,1
-1.3439944707908795,-0.8931269915466366,0
-0.3370416081101143,-0.8965142598578899,1
-1.4773348596070286,0.2030644597777139,1
-1.7290953245009166,0.8152356835162291,1
-0.671430003036937,-0.6320882389469149,1
0.09778135999273557,-1.4883553178183926,1
-1.0993743968104888,1.186890941423648,1
0.8715845239478003,-1.5814335357075573,1
0.37242047087937785,-0.24614649152845045,1
0.8899319949393647,-1.1024793214416875,1
-0.29144028116559173,0.26615578157928815,1
0.5531930949287588,1.0805407433256518,1
1.3089550009439892,-0.2932126585759118,1
-0.8387598945585351,-0.417290956434176,1
-0.07667243927101586,-0.9816027058512313,1
1.0205409236929897,1.415850180740306,1
-1.8653658557866655,-0.5555215171794529,0
-0.4762393129638386,-0.5740241570350496,1
1.6645207766879029,-0.6947700236007633,1
0.5608103731045175,1.4960000078264188,1
0.383246350466796,-1.5893677618907092,1
1.102972540836647,-0.8626704028215909,1
-1.0450291168738064,-0.030667737335397745,1
0.9932443793388847,0.6907090755210066,1
0.6388554342601869,-0.5192377825427211,1
0.5863317983077755,0.8090117047996178,1
-1.3875137015288088,1.0362040167430884,1
0.14723914887909725,0.02568475469092231,1
-0.14628582983653676,0.27924716617421946,1
0.7253473362965507,0.6679157936740472,1
-0.861085974067209,-0.6109551964691025,1
-1.4773908502946695,0.5730606626301646,1
-0.5152384943182367,-0.3456614162620622,1
-0.43108953017299934,-1.4896676153723973,1
1.1993633060357902,1.2473513860659493,1
-1.35894061033007,1.3042916021913473,1
0.4399849617668689,1.7984870137644293,1
-1.448160876926848,1.0495881011389543,1
0.32041645164132815,0.20558703600814496,1
-1.576380238161483,-0.9202437084973651,0
-1.1101527605429113,1.0042513910600668,1
-0.6342701168618082,0.03749392637354669,1
-0.32027105710443954,0.41440043702912005,1
-1.860040351254448,-0.5231140108972681,0
0.70107177131724,1.1612340944228396,1
0.34920290176326024,-0.8291594450640977,1
-1.1902168267991236,-1.0253278614990389,0
-1.2974473704042533,-1.258044029202537,0
-1.8911648343667042,-0.4395291055647228,0
-0.525483332064118,1.4831274997306525,1
1.81313796185304,-0.6488018924266616,1
0.2879600868911428,-0.7538972122297788,1
1.2172882382731587,-0.8377196481570066,1
1.2790231999958386,0.28573697105933304,1
-1.0007161529927129,0.34171909633838893,1
1.221733051076846,-0.06650027840958897,1
-0.1674846247390268,-1.6587171853555154,1
0.3620058268404301,-0.1123273474401316,1
0.18244355551065836,1.526535314234567,1
1.3947007565746092,0.22576672360692324,1
-1.2628781572055905,0.5222221577038657,1
1.4476365821864534,-0.13362505391254265,1
0.5850901765401211,1.7353797476113353,1
1.976955721208643,0.21703427354130114,1
-1.1648288678345595,1.575492040310513,1
1.3451216837596802,0.5967191578925587,1
-0.4042224570583888,-0.38087207316281046,1
1.2713151518367216,1.4045432586656474,1
-1.6386953224264438,-0.2702059832854027,0
0.5937180633386149,1.2870000531071044,1
1.0486451335181244,1.1795687953222525,1
-1.2113936150810152,-1.3159371129272524,0
0.4666433582287964,-1.8449256457014207,1
1.508275129449184,1.1706919120437003,1
0.5588123193606357,0.8458726967326515,1
-0.7077383382472889,-1.2861050940842975,1
-0.3997140254854681,1.3638978490488765,1
-1.5384461626228665,-0.48153891625846124,0
-1.0921292143419432,-0.40072868174429727,1
0.20660923817348478,0.476927835273889,1
1.4461455743212621,-0.7815015535030484,1
-1.847607817040088,-0.323535743272087,0
0.39517587513666563,-1.788648632317408,1
-1.2530551940691068,-0.21931956621544824,1
0.6545841864864357,-0.21117432592691276,1
0.4826029574762868,0.8588896089556759,1
-0.37839538898013525,0.5692416044310675,1
-0.9602726087588248,-0.3648821879703517,1
0.5515193396990837,-0.751261360756291,1
0.5063148308421119,1.0097838341781367,1
-0.46104397596034813,0.2707107910043149,1
-0.25906974652942005,-1.231683175885858,1
-0.04986901991015158,1.851510712546885,1
-1.4608580738558405,0.5308201395896741,1
-0.3104598970474942,1.9385351062606886,1
0.5325350725048276,1.6673893418758785,1
-1.6788742283259224,-0.399724918848925,0
0.6251897233838595,1.6847381719582035,1
0.02069575005716983,0.4048415123096326,1
-0.13683796156198658,1.503675029879099,1
0.04217808182896754,-1.0002978059585033,1
1.2714418392518048,0.9797387064969761,1
0.07686477239473051,-1.9056860233512847,1
1.1415735085880083,0.5167130152091829,1
1.4027734875310314,0.5057082662868451,1
1.6549730936291305,-0.2304207551537275,1
-0.1707573271555306,-0.17488341155440193,1
-0.1516283016440966,-0.05520989689201424,1
-1.190280396407966,1.235172110242533,1
0.5700354691519228,1.548646145001738,1
-0.3694966635548118,-1.021055638609141,1
-0.7889821451660793,0.08000382561322031,1
-0.9794898973893719,-0.2890390781912294,1
-1.531025053063214,-0.4637024973256107,0
1.3609398863337907,0.7931919367319393,1
-0.041262655178285444,1.312438019266069,1
-1.1480056924280746,1.2179250358955094,1
-0.6498001114395375,1.4460012027190983,1
0.35679002387396286,0.9099673908408422,1
0.16345337653675102,1.0464768722969016,1
0.5993369816254492,0.9462241135450732,1
0.05196600557661456,0.7008490152506722,1
0.8850706577595103,-1.3085805801407182,1
-1.6261896447647268,-0.42366011578783713,0
0.26687012277400607,1.3320891773639782,1
-0.5250028217657035,-0.5983132287725615,1
1.0039180914522314,-0.17269001338662318,1
1.5981295258456394,-0.14080065350789842,1
-0.6682526027989729,1.0084039436601862,1
-0.7914740009187106,-0.6814632038788149,1
-0.8791380224377636,0.45775403183787783,1
-0.9634830919237566,0.4078072892229706,1
0.4404531672440192,0.01274052228981333,1
0.16222067819910962,1.327627369892515,1
0.3815817903876338,1.465913883563374,1
0.17123827642089876,-0.16877797911107878,1
0.36056239355729025,0.30255575533702755,1
1.41633712563405,-1.1761947370229595,1
0.3233704988726181,0.9261952782868546,1
-1.7278128721964898,0.2166108401858612,0
1.24538635521717,-1.5105775057505317,1
-0.14639510931841268,-0.5161718189409991,1
0.6446258201656121,0.37806997959966254,1
1.2419067901210477,-1.4051392228652857,1
-1.8603636238003187,0.569642675614028,1
-0.8877151803627996,1.1048895824019527,1
-1.189696521323426,0.7978597821065191,1
-0.20567859986094977,1.29310201136854,1
-0.6032994898965808,0.5448719853105961,1
0.09699841291812006,0.560815738446687,1
-1.6822521298204791,0.5752759435329784,1
1.8407340478442755,0.11216375969055321,1
1.9504590010722702,0.30039269183858913,1
-0.6803934639420237,-0.19856157689367693,1
1.5107840465387876,-0.5741847632666783,1
0.2672151804417728,-1.2499089132218,1
1.577062109803735,0.3699495716394647,1
0.8782919740863739,-1.8011714915285493,1
0.3647544386559999,-0.5325192795744005,1
0.9802335118633884,1.4053903840258952,1
0.2687491076353068,-1.5280173570819608,1
-0.6974002944726213,1.2069632475455254,1
0.18742534250555382,0.88381549355655,1
1.8124263995616963,0.8444852390842604,1
1.1408133341651125,-0.9159047447016663,1
-0.10372849117163695,1.117567664920201,1
1.3626204108987585,-0.4529977260204327,1
-1.0330307948691528,-0.9505114579059963,0
1.5615332313057204,-0.1768509366600513,1
-0.792324481084052,0.5158349338426776,1
-0.006661583690283217,0.9665278460312499,1
-0.15816545009089117,1.1492389866700121,1
-1.851341396718809,-0.46617858609097373,0
0.8022685651678475,-1.1543645992115956,1
0.6073103159212602,-0.7475726809836258,1
-0.5061599241914178,0.39112887185871476,1
0.7456046961587623,-0.5185246856512452,1
-1.1811120777801016,0.5986315115273503,1
-0.02409841903121693,1.9117406734364368,1
-1.3896831310417022,-0.9588661860464364,0
-0.3659534811998535,0.4057289677429649,1
1.1817653799952834,0.7655153675494981,1
0.20042018997231031,-1.1558206333130328,1
0.6323821777132576,0.6185338775568726,1
1.6197162538614558,-1.0147188168711672,1
-1.4014880471229196,-0.04228176641105886,1
0.3764322366317364,0.6734050654901906,1
1.3093634320925998,-1.3035330552359603,1
-0.1679751352394288,1.2293733853764095,1
1.5171341956364235,-0.8108936155889157,1
0.7226688921512106,-0.719957709564202,1
1.7592093782948182,-0.5120128159803508,1
0.9535568646470028,-0.6430150973307527,1
-0.4801176925859234,1.4926670941173539,1
0.20349612741679043,1.8753252026765552,1
0.03252162630303157,-1.426813825526333,1
-1.2707615490855246,0.29710180678113957,1
-1.2787234415292603,0.007849842115785505,1
-0.8940051598071239,0.39654398492587345,1
-1.838856546405732,0.3083313328102179,0
-0.8032345410826455,0.6145142000194332,1
0.5563277097804246,1.7404669807729223,1
1.3731807453438645,-1.3916081014049624,1
-0.6138309099997354,0.5817431439158142,1
-1.4823229574629533,-0.47269706063244765,0
0.09240809989081594,0.681831839551006,1
0.23273139481679428,-0.6313160556580867,1
-0.7439664800405639,-0.07260330158239128,1
0.8778544863698656,0.5901599246905568,1
0.49352239365317263,-0.2444173543327714,1
1.0634301011112441,-1.5242863972663947,1
0.06676884937890937,-0.931138288227869,1
-0.7581417966488966,-0.16912542574087686,1
0.28104286358757147,-0.9691346605890402,1
1.344052722859545,0.18334201605195058,1
1.570043010281503,-0.09981933333095637,1
-0.6322409890161204,1.2184826083142501,1
0.019724863560868302,1.0664689848139262,1
0.8220841410407553,1.7995199967719275,1
1.4444731665017996,1.1159300196345552,1
-0.6510596523451514,-0.13765699083034072,1
1.4654319837440535,1.000067180576475,1
0.7466114805166477,0.28951642391717003,1
1.5863815620007422,-0.47680316956669827,1
-0.20271672220811193,-1.6331302274666135,1
-1.328128618518625,-0.21281798102866953,1
-0.00426718582606175,0.3304669335227442,1
0.598807675776755,-1.061695344827384,1
0.05775293311854318,1.2308102392352143,1
0.48713796659485825,-1.0294706491253638,1
0.4449039139872165,1.358359141587089,1
0.10655873917722286,0.2659705125133125,1
-1.4500385116188323,-0.9060389221685908,0
0.47883829339534056,-1.7618519842795677,1
-0.9058846173796867,1.1440533036342666,1
0.7140404208450636,0.9198274876369671,1
0.09454719344973474,-1.1376309362040442,1
0.5610002992704155,0.8297876858458085,1
-0.8784118287544832,1.5546055012400481,1
0.3218843496271091,0.2979149579778866,1
1.094813629750561,0.9473355213404718,1
0.8462396803820543,-1.7698510893844768,1
0.1594159891993716,-0.4522141859945567,1
-0.16390411971629107,0.45680486311520435,1
-0.7560198208601963,-1.6430498018318243,0
-0.5098113995577851,-0.3192940672778356,1
-0.31583427719487744,-0.26491654885389637,1
1.326063246475073,-0.6108805343551105,1
-0.6909942029596989,-0.9267035098726816,1
1.5863081378285941,0.11819323862862383,1
1.3551073761020553,-0.439376434448448,1
-0.8681738933576273,-1.1859574167906275,0
0.6581199235143617,-0.6311976241744035,1
1.5615577663783182,1.0546347343134541,1
-1.4021980774244842,0.05119632950568568,1
-0.03426331019135498,-0.9708045522987767,1
0.02975331102331572,-0.19834059927783362,1
1.3075031375664827,-1.4424520218694539,1
-0.08574580001946841,-1.3709089964965686,1
0.7163079194335625,1.4788420624475924,1
-1.0224132121482865,0.8617421409189057,1
-0.968737586938703,1.1022958498600917,1
-1.3610568966911,1.4391146422348449,1
-0.6805141309074128,-0.943286123420088,1
0.631684085992676,0.7243612553697794,1
1.3522791449379048,0.5514727557764232,1
1.4293700481515121,-0.8595749368923914,1
-1.0405490038096348,-1.1729769091303117,0
-1.0880074812527347,1.2503995238258507,1
-0.7999354485046939,0.6075539954329381,1
0.591906113265648,-1.1736887528207152,1
1.68549124762867,0.8305824086472904,1
0.7721499374658374,1.5906676168381135,1
0.5029921599360174,0.6955189519564822,1
-0.0020873071073195717,0.16029708743169035,1
-0.9061318921788132,0.7991778937107391,1
1.2470893303762263,0.08219694212115476,1
1.1223423215400075,1.0750373523795997,1
0.5107678293662006,0.04645997355411784,1
-0.0380608276178554,-0.01165798116957397,1
1.7058308934176243,-0.24916436632085673,1
-1.513606581292785,-0.5946916139779155,0
0.4976597137338657,1.8916177310215831,1
0.06720714360762545,0.9538572910636665,1
-0.387100498268318,1.906443023584315,1
-0.392086281643019,-1.0996786798128437,1
0.37104235042289835,1.4568677111593387,1
-0.26150415892913725,-0.632661003631149,1
0.27003980772797814,-0.0020024311362444916,1
1.6917851339036776,-0.9819674036309687,1
-0.010164792265382005,0.793594944623459,1
-0.8834490600370699,0.589958265957634,1
1.6737470094133333,0.998232360400441,1
1.1461118786092712,0.8342052168342772,1
0.17445588152824998,-1.995951860726329,1
-0.46264548856829624,0.23299302445195993,1
0.2746119214667553,1.7180643907221864,1
1.2725893683214347,1.1817952939097003,1
1.6620726977847462,-0.18449481158056197,1
-0.1546865075826206,-1.0248299742105547,1
-0.6662069479634997,-0.6541312972978374,1
-0.5681145850173817,-0.4692313385387888,1
1.3061348516540643,-1.2114651675777925,1
0.36399390607641496,-1.4009693592803798,1
1.6598403946718192,1.007938323490669,1
0.24617782646240616,-0.8330027488789912,1
1.1446536760031136,-1.5446660647135637,1
0.05082831712128603,1.68187444885969,1
-0.3734147869729542,1.003924908711296,1
0.7105842557386807,-0.09045126274494548,1
-0.8915351761986285,-0.4605483051496263,1
-0.5070598559273884,-0.0615382270841497,1
-1.2224532577137637,0.6788139553525617,1
-0.6966750658841415,1.2285802567752522,1
1.238725748130115,-0.512916276437356,1
0.22412904361809144,-0.11779462141687673,1
-1.0743038440936614,-0.5102729922527687,1
0.043823452977704375,0.7952805431273053,1
1.5197711355508583,-0.8480583212477607,1
0.826152638496003,1.2956037433556051,1
0.5657389039830413,0.11784601641768036,1
0.5186994591779548,0.4009042857069174,1
0.8483404011215052,-0.5746490678760173,1
0.786000940569314,-1.6353590959036228,1
1.364826619056351,-0.09667615321178905,1
1.170582798979425,-0.7601407998686218,1
-0.8090407514683561,-1.4853248989275885,0
0.05933060584844143,1.7897552841608682,1
1.2922834152885059,-1.1630164016142615,1
1.3871189663156291,-0.08226016923217475,1
-0.6318771978591731,-1.0744295523797118,1
0.9850877286461429,1.1290893050020536,1
-0.47781833263681306,1.11685148838383,1
0.5850333339278864,0.15961563895248712,1
0.7753966267563824,-0.07739534637038642,1
1.1553269762274798,0.40156291631846086,1
-0.004525482807847563,-0.05811615785463028,1
-1.1429371696664665,-0.15421672165104167,1
-0.4580497278246296,1.145374389258003,1
1.3214542886144947,-0.47822943996621653,1
-0.5002239016507909,0.964513561566946,1
1.3152135824089044,-0.21828368908305198,1
-0.5868019647391829,0.2702797042135474,1
-0.42413121308758084,1.3331123817458101,1
0.3544052172174512,-1.1555948948168953,1
0.00038137770641460283,-1.5619439829085415,1
-1.0113528469784239,0.7776427248569829,1
1.3341882242573033,0.4174702270488918,1
1.418287939231154,-1.322210143405118,1
1.5242603763050648,0.4577820305341974,1
-0.447091101103094,0.24028043110875238,1
-0.6256640912746565,-0.26807670620349994,1
-0.2501442915294077,1.7813254206762796,1
1.358907396339939,-0.7560720047406801,1
1.244333799274676,0.8788107795263014,1
0.5327110461446779,-1.3463483918622927,1
1.253305899550343,-1.5583966341385747,1
-0.12185199908181192,-0.9685449682660411,1
-1.039963808952981,-1.0782418322973346,0
0.3519893328056257,0.08271727950742559,1
-0.8818799146491106,-0.4212186390334181,1
-1.2848381136568265,-0.07198928293547659,1
1.1039865922510053,0.3629069319933612,1
0.7494639980911836,-1.5065692172066185,1
-1.9221566874436105,-0.43293493518625586,0
-0.8889783766599451,-0.8631762536405232,1
-0.5017305194850182,1.4941106376932116,1
0.23843970301377954,1.8684135746923387,1
1.8772428804935317,-0.19238557590896815,1
-0.9449736883099499,-1.6819055476175278,0
1.39918417078253,-0.7590014718764205,1
-0.32390276486098935,-0.07201467547496901,1
1.3406910689202618,0.5385545921065127,1
0.44894282301351957,0.9522983606293804,1
1.3589533905351174,-1.2407969344651164,1
-0.7814005589346938,0.44990875812780834,1
-1.1360916715138485,0.038291181774435266,1
-0.4104785857408088,-0.5806073329297922,1
1.0747002976736568,1.0150756700450454,1
1.8667892413330893,-0.6755529520248602,1
0.6603434529346781,1.4923946313289327,1
0.34605759383853696,-1.289158919431613,1
1.277683426541868,-1.2057624487078284,1
-0.0638967410593676,-1.5009829591273922,1
0.07405824120269597,1.837121363226168,1
-1.4647683580504482,-1.2089810445666376,0
-1.512490965338473,0.8364346426360312,1
0.8713903772908875,-1.3830119476142662,1
0.5216030034116917,0.6945609542553963,1
0.7834446295569951,-0.14832769172216326,1
-0.7926109964320197,-1.092915321601268,1
1.342522394363553,1.3182287474228354,1
-0.8602539133919894,0.20741765097478188,1
0.7495286164173289,0.7799239382457306,1
0.17145236860435775,0.9507579113848409,1
-1.14703146518086,0.5934103255415837,1
0.07468452109601076,0.2635266189727929,1
-0.7404828974473044,-1.217225070702436,1
0.5251769889872202,-0.5301669708348411,1
-0.2062087998869263,0.7497918392368788,1
0.5379324240974273,0.9095924880021207,1
0.05397022271094643,0.7236694602390027,1
-0.4381818715252508,1.2508394301875625,1
0.12086974912835542,0.2070404741442713,1
-1.7043064658899174,-0.32422946892776416,0
1.027947914910752,0.43357473060676416,1
-1.9080058335400547,0.24489153733580069,0
-0.41283472009327554,-0.05235080695422345,1
-0.5019346480631366,-1.3061721433365319,1
0.27202775590376704,1.188842349228984,1
0.2233278144041339,1.932582463595856,1
-0.6641760520523056,-0.24605568462710647,1
0.8854102441595405,1.7438279107701673,1
-1.480231736981868,0.10956399823694446,1
1.0012414306911344,1.2454847828047044,1
1.795501186203605,0.08513118872536672,1
-1.0272915641725804,0.7429597809818551,1
-0.6277540926580618,0.7087335940693121,1
1.0668607212246866,0.23572673101074956,1
-0.3722611076607127,0.16828272651510867,1
-0.06178572209257228,-1.6678869023189382,1
1.3799061762057008,1.395552559079398,1
-0.1916907208895296,0.25368927105294553,1
-0.11008007398715268,1.800218656746533,1
0.011096893632071229,-0.17108048564444434,1
-0.8696070394559874,-0.6882000966885476,1
-0.47839718245652596,1.6970896779472722,1
1.1547059604232564,0.5746091756966184,1
0.6146025648717348,-1.822664139693728,1
-0.7417158197859548,-0.7245307583315257,1
-0.9227229312731461,-0.7441124737246694,1
1.3870792800718992,0.006419619895123781,1
-1.6271909277508974,0.14087673287855468,1
1.5227682553510555,-1.2753645976040486,1
1.2816655959030192,-0.8189253277180868,1
0.6209414258215153,-1.597860985311707,1
0.2860063409878443,-0.8453702779866169,1
-0.07349447535727396,-1.9571321109262776,1
0.24403089428511496,0.31866065233249763,1
1.5875401142731138,-0.9802333196248141,1
0.04351355562456398,-0.8122211057022669,1
-1.0227152560005035,0.3920550693967738,1
-0.17371683098744986,1.1855270854982014,1
0.10259625878469382,1.256445698794361,1
-0.2690049205854549,-0.6194245578480349,1
-1.5739209588025649,-0.3195882392787184,0
-1.0379844670507459,1.0506548336523232,1
-1.2763385743085685,0.08924177766307984,1
0.5463199781876874,-1.6080446012742682,1
-0.6649858430728468,-0.068110888825284,1
0.8924632268538589,-1.7672297872430214,1
0.22396228747509475,0.19082807050458966,1
-1.1369729449381456,1.6095961513489787,1
0.5105147935243453,-1.8254017375448255,1
0.6337462783508556,1.4922050601681809,1
-0.22369626886209296,0.9496578762012151,1
0.770804303659915,-1.7427928798922696,1
-0.7521071528301163,-0.18907905186118965,1
-1.5126555047948576,-0.12917118053831245,0
-0.6813823402119024,0.14788675833935377,1
1.1552411076486258,-0.8442741847912402,1
-0.23020290992960568,0.9880034097098868,1
-0.9364574985914067,-0.7912370320747739,1
-1.3243513140200247,0.2722407464402165,1
-0.33795564105703374,-1.3146527607489649,1
0.27942782445948383,-1.670785927992086,1
0.31113541354705004,0.26433404432467394,1
0.41642917494509174,-1.7334538468957303,1
0.47347118006064876,0.9405168870506924,1
-1.4594088044213607,1.2659797053462372,1
-0.20105591264508388,0.3586787289095591,1
1.2039483259286283,0.0762640671320609,1
-1.0576457705848779,0.09431707611698813,1
1.306458858076185,-0.5432292215843205,1
0.6421564055917692,-1.3730607020470091,1
-0.5226385768604769,1.4652347616711918,1
0.6740491843185704,1.1025355557011387,1
-0.7076758427844235,0.35380159112569404,1
-0.17780250478206877,-1.4376641509916828,1
-0.6222646284081186,-1.709899584926218,0
0.5852342248954475,-0.7586569447835239,1
0.8957991701216703,-0.16434458763929743,1
1.6889857424608683,-0.0892998779798892,1
1.599892906846965,0.5836120387226325,1
0.9467525901142073,0.10908416596417782,1
-0.46782699084545104,0.15773049950487658,1
-0.856246344903539,0.7009039044137099,1
1.6319431893619296,-0.09570899113954003,1
-0.519501787046177,1.6712160816399149,1
0.5160614047331135,1.2245410081662935,1
-1.702442582622763,-0.2677816279970441,0
-0.6382963201647166,0.633397373449877,1
0.7972832153068425,1.1013877966577097,1
0.6627143459796279,-0.6009406279597613,1
-0.5346024433929187,1.3859317956302937,1
0.24572867122728628,-1.0172485679854548,1
1.287947573994576,-0.9133594232806014,1
-1.4930158493043428,-0.031591117194870316,1
-1.9057738257528092,0.35095331624153064,0
1.0172645494849786,-0.8808610665693475,1
-0.15629201957160518,-1.0059646804447262,1
-0.09212657105416508,-0.526518409872916,1
1.2728887249017455,1.5277160838189714,1
0.1848774967458673,-0.41029917724994774,1
-0.3564974868105926,-1.0381355777205317,1
0.09999783917653436,-1.1556951066257748,1
0.9175871241700949,-1.224926716368639,1
0.4116301228000665,-0.09314053942623982,1
0.6679420780563978,-1.364889418187584,1
0.3961215742636103,-1.5241955118336397,1
0.753450509027326,1.6408346769488502,1
-1.7322886905100638,0.6690899408681494,1
0.24568580209386223,1.7987407188546827,1
0.4610479835623259,-0.0302213240319541,1
-1.0164151272272335,1.3421029414007026,1
-0.7233214510232515,-0.6825650700588988,1
1.513809918289928,0.5982148521001187,1
1.0042499445283042,-1.5694520686190636,1
-0.2521476751504223,-1.4962944990018467,1
1.8563716822034197,0.44266893978825655,1
-0.04661247814850632,-0.8861479283906516,1
1.0383360665788413,-0.1835882291652253,1
0.2864892719706149,-0.33614227909684996,1
1.2812209745069199,1.3060998525481224,1
1.2645481951014197,1.5077777566404864,1
-1.1002448130292939,-0.2586628106662291,1
0.43647548805515596,-1.1868158576840737,1
0.3100738712677687,-1.1571832894631062,1
-0.12660122897425352,-1.37250249988241,1
0.36054318171603644,1.8000631110509928,1
0.9792349302248122,-1.1795611635822842,1
0.979715885087894,0.17956042212905032,1
0.6184368087448684,-1.0109638509865648,1
-0.8530441390844357,-0.8853137915564497,1
1.390596541782903,-0.7749226390463867,1
-0.21078466736893284,1.4528699406099321,1
-0.8783598913667553,-0.804248582781642,1
-1.606335106524316,-0.2159122525908936,0
0.5722966317630092,-0.670770056279009,1
-1.5950688879921684,-0.8224467704210331,0
-1.5424324485217948,-0.5274075048264054,0
-0.1402866883013199,-0.15210735150648966,1
-1.166047721310072,-0.8884454187787852,0
-1.161327487163384,-0.24453602451864248,1
-1.0222786977055949,-0.032461150236676145,1
1.6403119172900251,0.648064455825946,1
1.4009403051992828,-0.6111859190556096,1
1.2290286039409146,-1.0557675121060144,1
-0.8598378973387213,0.6504920110667406,1
1.53431430460859,0.23644636019941254,1
-1.056178642013922,-0.16347676872230288,1
-0.3043341899641361,-0.06452872676701765,1
0.6507300997985902,0.12961952416917244,1
0.1367141300917785,1.1752305556993368,1
-0.5121026210201254,-0.1515554854841609,1
-0.8459119109936608,-1.7185739200176882,0
-0.18536709821869884,1.137563605375448,1
1.732110195097818,-0.33302210806636395,1
0.0798200217428605,1.1031227415361635,1
-0.7425538822390754,-0.7758635136498512,1
1.9761828431284874,0.21922372234663287,1
0.00796404030513796,-1.7302294421722297,1
-0.010997156386031211,0.9930613713396126,1
1.7286056125941238,0.022869164356007138,1
-0.21144471615748883,-1.5190332626721053,1
-0.9462949515009912,-0.6490933636884668,1
-0.42483398714024734,0.0320294943022257,1
1.231342801834128,0.8297459396725346,1
1.4905592903080989,-1.2457328755315367,1
0.2397901548894951,0.3217168337953535,1
-1.641069710045262,-0.815317091643767,0
-0.2456650165449539,0.13490010646570877,1
0.4268375656388764,0.4125337834346407,1
0.1314923828822836,0.09437146178243083,1
0.3283152842002168,-1.6946820214113205,1
0.8552871773724556,1.0501948265783971,1
1.452980033951673,0.52344381070429,1
-0.08056372616476692,1.9231535657671135,1
-1.192156798424167,-0.052243886840105315,1
0.6651184004756165,1.6706220015631295,1
-0.680352825645411,-0.703000673184294,1
0.11214606388260472,-1.6911502794139637,1
-0.894641475903888,-1.15947443247822,0
-1.0112877357536676,-1.1973718253364778,0
1.373364067342839,-1.0603076965542713,1
-0.31024026694747725,0.17564945217720127,1
-0.5066077917777161,0.47993849290114343,1
-0.5006838434711389,-1.559885204274232,1
-0.941789278468541,-0.8873504871615375,1
-0.6277408249994877,0.876297202244818,1
-0.14262345301689838,-1.407790404857005,1
-0.9376555088618433,0.4490460191906737,1
0.413451318178841,1.0106559682630503,1
0.7606007313141245,-1.3117528371751093,1
0.058409261781406825,-1.4027216334087098,1
-1.6637040714300595,-0.17652211525600828,0
1.0670293479728987,0.9268360474240986,1
0.20755790989689868,-0.9179228690463506,1
-1.416890363658202,0.03463660036925003,1
0.2752641494925507,-0.4348457320410145,1
-0.0016091297393888726,-1.5533309208921604,1
0.049716343306613446,-0.3673184346620476,1
0.742554169429179,0.625450618051806,1
1.3096261067586723,0.488109237246532,1
0.24255576651193328,0.6619192819716583,1
-0.9460212554057212,1.5141100936289136,1
-0.8008347199932634,-0.3340178902900604,1
-0.042152530570563014,-1.6717866068218903,1
-0.4937839899606174,-0.825999525332271,1
-0.8333589269474262,0.4774366938081662,1
0.7958295718046171,-1.6164685297637638,1
-1.213943528740427,-0.4991815222285526,1
-0.647726503580157,-1.1928574159708447,1
-0.45914141057246927,-0.4511315213870043,1
-0.49788475584036657,1.2427652145470056,1
-0.937663543883243,1.6485349385408885,1
-0.5857141397787631,0.5160237139187898,1
1.4072519909339332,1.3232981476759407,1
1.3906811771405854,-0.1417318721145173,1
-0.8616382893336292,0.777953583774832,1
-1.3040896025140942,-0.5729754162757733,0
-0.35818138953686757,0.9627294677536224,1
-0.6121200870084323,0.7896533990670832,1
-0.8736903282736892,-0.6126448728167271,1
0.7277669534929371,0.23821316106345186,1
0.745811921506012,-0.2509551223816019,1
0.7346229599133729,1.1711668589240072,1
1.3393909400486452,-0.45431054104159646,1
0.43904497474154425,-0.08051803435608515,1
1.2282742513420075,-0.04078865944783435,1
0.3483268082451222,1.3981152128068022,1
-1.618591871594185,0.049480483522311415,0
-0.5066472149219821,-0.346595955084529,1
-0.620643634470533,1.1488694688663523,1
-0.06249889390194952,-1.428333209493474,1
1.0834835750224336,1.1009107601041552,1
-0.7994385525280329,1.772190117001671,1
0.8391808900158094,0.41496335908137666,1
1.0812673016014385,-0.47105342522721455,1
0.4440678904028886,-1.2972247601770601,1
1.571990569957666,0.8356827323875403,1
-0.10648497893450778,-0.9105018869741061,1
-1.6274976498351161,0.12338016751188623,1
-1.5770887480478573,0.7826153641428746,1
-0.47711187763550206,1.4693566684061443,1
-0.9155427043158822,0.5384303455585057,1
1.704197763247214,0.9336013566707989,1
1.0883817633040007,0.650196807894992,1
0.07622740613199142,-1.1592176851478682,1
0.7572266097642079,-0.08777936091099692,1
0.8212576331029577,-1.4078308252637466,1
1.1763678929792498,-0.49496081764638783,1
-1.4819245643732304,0.05804690042226988,1
-0.7669514148565674,-0.36220904576054885,1
0.40025907541403766,0.8082624002789514,1
-0.8519483618125344,0.44312116663278767,1
0.6125880956094611,-1.5920663333507008,1
1.2402076798299964,1.5566174340120884,1
-1.6663724623302845,-0.7788759077874612,0
1.093227426836392,1.2636106564013805,1
1.863467060128766,-0.5478675366984571,1
0.8081286426217932,1.4502541761503533,1
-1.865680545280155,-0.5346691883425684,0
-0.45019899719724754,-1.6010665900052083,1
1.6064701514660984,0.5144987465408573,1
0.18034449679614686,-0.6934763152544821,1
0.09705106769154258,-0.5610800842316911,1
-0.8081690856983729,1.589887076386968,1
-1.08737016893037,-1.6711636111472297,0
-0.4228937567442439,0.21919582210864627,1
0.2949123677949412,-0.9611447569014596,1
-1.874039049107004,0.4440592465112715,0
0.8254379627883118,0.8036959995532481,1
1.4376317603834228,0.3595028155732813,1
-0.28888999796970205,-0.19082724434724738,1
-1.776796642625327,-0.2669778399028698,0
1.0594548647042297,-1.362138813164786,1
0.5675104311684603,0.29518699864465153,1
-1.4671095163096664,0.47528654523161656,1
0.5377312714767424,0.5069584900812455,1
0.7503219536695723,-1.567737479940948,1
1.2331074004526084,-0.4982295356581902,1
0.31074646928944194,1.1785404503634527,1
-0.8977470872121944,-1.0300850521963139,1
-1.4572726487589585,1.236592536478241,1
-1.9210282991541239,-0.01857925391241722,0
-0.2865505041831463,1.4594785811793292,1
-0.8267223447918112,0.09328076061757624,1
0.5061278633525077,0.04452560230288808,1
0.8074370309166501,0.9817792516496091,1
-0.32640637459251415,1.1644458808704221,1
-0.6705085546650051,0.3804610204931481,1
-0.13402718552734638,-0.8949546689672833,1
-0.9981934107663338,-1.347947015211532,0
1.7554379618166465,-0.8753674361093555,1
-1.8280188626814695,-0.4549878625115431,0
0.43429226423284994,-1.7596923296010538,1
0.9980923274976551,-0.058474786416199326,1
0.8598451828400305,0.5319089604799501,1
-0.8421937016174523,0.33984958755579153,1
-0.8283228568534516,-0.9688546666193791,1
1.0139365444513198,1.1884239566065475,1
-1.1795864614373415,0.9752390056157398,1
0.20525465130233184,-0.5050403167967125,1
1.251868027024621,1.4791060691773494,1
-1.142319824775722,-1.3335699171873172,0
-1.050924889842846,-0.419216647133739,1
-1.0106735659815202,-0.9438641102268427,0
-0.24966033009941424,1.263302009207298,1
-0.057953188923983004,1.0253772861022368,1
0.8568854380337304,1.2031639624329495,1
-0.012628070878940906,-1.3944284893258048,1
-0.15882536451931742,-0.1457977864904074,1
1.4939912897275127,-1.052445669620477,1
1.6673817616841482,0.1610737554671964,1
-1.1516352674460626,1.6102286500893364,1
0.04534113863144159,0.4050268753843333,1
0.6396222228008395,1.8306984945780054,1
0.6024331003347666,1.4146181450758282,1
-0.3852965090742529,0.519495746068661,1
-1.369745623788413,-1.1626195522545015,0
1.4113552289473297,0.6048070260387148,1
-0.6674206228627909,1.4608118438856823,1
-1.5756874797564222,0.3732506041625573,1
-0.7902743379996064,1.2297271751358965,1
-0.5075268906873484,-1.3100423387496876,1
1.7197820162411146,0.9099264901456251,1
-0.996952506470092,-1.0366053384339398,0
0.7424744726360261,1.2751882396147658,1
-0.6503825140675726,-1.6261819271908173,0
-0.7155553286381348,-0.8905682895684798,1
-0.38194099731778375,1.003984604633846,1
0.8643977663320898,1.7242559443801637,1
0.8839430661011952,1.2193259666259613,1
1.9531897731940024,-0.20538028534537608,1
1.1578566233226388,1.3339007480215381,1
1.0492998817301955,-1.7031883446800142,1
0.018471186006692557,-0.059486429255268675,1
1.5331724803682754,-0.4485335523587646,1
0.2827585170460766,0.27732218139695175,1
0.9379099820437642,-0.4405486541388184,1
0.6315065794500948,1.540101755173831,1
1.8322300111420076,0.2190878332585092,1
-0.3373086473794328,-1.6889250800602973,1
-0.8991384218569293,-0.458968791773148,1
1.7325707995087543,0.45036803153802435,1
-0.756652069088295,0.8490269749943848,1
-1.1232378034997976,-0.041650870886415975,1
0.27765011374829535,1.0128319335970375,1
-1.942992032465325,-0.07835867703041226,0
-0.118400896234336,-0.20768913419231053,1
1.1291673305359624,-1.3175307009850252,1
-0.0930846732755246,-0.9913737668458804,1
-1.3278257198863277,-0.6745810401197948,0
1.102519023844893,-0.00787700177467633,1
0.6810326094738638,-1.363877666804747,1
1.3798385379566693,-0.0669075915718508,1
-1.0653289089722053,1.6480823706583096,1
0.7981633237488008,1.5777730127567726,1
1.8438827705305127,-0.45046430251583003,1
1.459479375623253,1.095634993229555,1
0.41714001527567035,1.0376170068499482,1
-0.010313951319989679,1.721451742002351,1
-0.605465948179644,0.5809323701011854,1
0.5886183119127126,-1.5178497638891841,1
0.25538671520034323,-0.3817868057386105,1
1.1188778098211918,1.3928684030433525,1
-1.1851437678884578,0.0004818828205566293,1
0.6779178510600431,1.1123537594688389,1
0.6131075996341014,1.0585488909547385,1
0.717379465912601,-0.15538561589338187,1
0.3803418476370385,-0.8855663676094105,1
1.8129658608779429,0.24505801807548863,1
-1.2561896765394867,1.2104110017096976,1
-1.7269275935191808,-0.1998886911552879,0
1.4896381945968482,-1.1378859986597354,1
1.2958583323108115,1.088184893562382,1
0.23858190643564206,-1.107946468241204,1
-0.02803625316632755,-0.30137562510037474,1
-0.2009517978117317,-1.3193081224399699,1
1.6976071625355116,-0.6915768168994517,1
1.069655109334656,-1.4356094819766043,1
1.971362897938642,0.1342987256030662,1
-0.17541722179158956,1.75907806783482,1
1.4367683556765842,-1.219182787043354,1
0.08896399142002595,-1.692019931485817,1
-0.9718135570517135,-1.5393925418053998,0
0.5304138906365552,-0.8572697127537372,1
-0.5118347933344202,-1.8577404906408888,0
-0.05275137353238025,-1.5908278527618702,1
1.4020114595331077,0.8570828152880368,1
1.0220785531066914,0.13164725728467722,1
-0.18014048470300975,1.3343259259925244,1
-1.066293530667015,-1.627286339075896,0
-1.145039832516777,-0.3882853764465023,1
-1.3311948500036797,-0.4316098759003149,0
-1.3289436240411614,1.2995463999754633,1
-0.41525857161487345,1.8224439612544443,1
-1.446272018647224,-0.9476720691146171,0
-1.1611050204335749,-0.3039896215500531,1
-0.49074738723140093,0.11085077319649453,1
-0.9961347549720543,0.523735720923459,1
1.1462710250485582,-1.374953104291193,1
0.7820882165837226,-1.0173338809004542,1
-0.4762215849678231,1.536100843308926,1
0.389165180970802,-1.5830003006892166,1
-0.4518091535034702,1.6731227629533179,1
0.7625285381155483,-0.0846997740020592,1
-0.8153671783561037,0.9701633767168201,1
1.4357559511695406,-0.08340570452337977,1
0.6893160553451567,-0.7921843424528467,1
1.077711972315015,-0.8716401229696009,1
0.4253262114428262,0.21130241002943456,1
1.8562557600159246,-0.3193637755815321,1
1.0828059939075765,1.4284639831588732,1
-0.9622946979160338,0.2084786528939691,1
1.193847102387639,-1.5626747090096076,1
0.019010143661133776,-0.8199522363154986,1
-0.46836056786062324,-0.5859560929726668,1
0.2608113036343257,0.3808656349489844,1
0.9046442356130717,-0.4515351814456475,1
-0.4184959728648791,0.5103877471000194,1
1.0608694824125928,-1.0853753893288356,1
-1.4340633580858337,-0.010174318231160596,1
1.3889619345382167,0.4856509101233217,1
0.1281366078911013,-1.9331940550132842,1
0.03428807959151791,-0.21711549410738448,1
-0.3628280505471396,-1.3431302544178851,1
-0.4002707429490487,0.4373075567044958,1
-0.6487627038662399,-1.3470099083690363,1
1.2880062746057037,0.6901644268869273,1
-1.1560041367725522,0.15358550862026382,1
-0.1325158413526446,1.0609330826964625,1
0.805464233439095,-0.2923263386181854,1
0.3909571811279466,-0.5462579098584459,1
-1.516815886665361,0.6048869155172457,1
-1.2085520333522866,-0.6448845279757116,0
-0.22742860762248748,1.934421163026845,1
-0.5166785022771805,1.0413538802506843,1
0.020302604916537934,-1.8493789546554544,1
-0.44179057502216096,-0.27686267767005523,1
0.33970456103350416,-1.2747861332280876,1
0.8528364405797958,1.3310773377930392,1
0.7997792412988112,0.29731287841645465,1
1.585062512232848,0.9066728914391226,1
0.8894299988197825,0.14070442414604875,1
1.5467814745914603,-0.7108810508786944,1
-0.9880928235292522,-1.1117550881447986,0
0.35383559587945895,-0.8698421553285087,1
-0.8145679728121306,-1.1844359820139667,1
-1.230282429512724,-1.0577917581220417,0
1.085682335837587,0.7930258121945687,1
0.6206972040413035,1.3291333996654515,1
-1.7078065901254287,-0.16856406596934265,0
1.3447745506152182,-0.5547816063562314,1
1.114317359038052,1.597127515338766,1
-0.3425591956938762,1.390682465955153,1
1.6586036164409041,-0.24373225561820577,1
1.4320157301960157,0.7321015688783622,1
0.6543713351001421,-1.5611892818430604,1
1.298194016757027,0.05872115210194909,1
-1.519710988514651,-1.0935248633976278,0
-1.5031796561820563,-0.9681116572674052,0
-0.9628480742474369,-1.381290909436525,0
0.8877135221183431,-0.7223908626718211,1
0.10918027315162385,-1.9307912695319824,1
0.6328297248054138,0.3070312433498574,1
0.4205308666056543,-0.49101415463308734,1
1.441797451317658,-0.12208012760935698,1
0.7184795413863306,0.6670245928543754,1
0.4765532186995642,-0.5801078121244384,1
1.5361657507440665,-1.1212704403605236,1
-1.2275993706646047,0.6828745173304005,1
-0.5163254064493846,-1.840322479423208,0
-1.94150742640115,-0.13229896218551584,0
-1.1000012026215458,-0.7285794147557878,0
1.3454665466916576,1.2146064107539036,1
1.6637605795482346,-0.9571476049656996,1
0.4073594773057467,-0.976357699043348,1
-0.31996300152751234,1.1223362322750177,1
1.6557445501861259,0.004922264828364167,1
-1.0173296040488826,0.15745633827710456,1
-1.0084650934346076,-1.3628757355416032,0
-0.6629185802683414,1.836451457984477,1
0.6087141715838246,-1.6417297255754073,1
-1.5706296902591304,-0.077538944563249,0
-1.1409609908541787,0.18522084296163405,1
0.9293926021824999,0.8719011721205305,1
1.5384413065824125,-0.8364200915313751,1
-0.7800773560402323,0.08834144545638548,1
-0.0002780868080965024,-1.5001239279893348,1
-0.8748547591635055,1.2134776585874931,1
0.937631195886423,1.420693713812777,1
0.6753697086864493,1.4881046068537396,1
0.7955784869722924,-1.5618878386372266,1
0.47111517718409296,0.41305903191123405,1
1.836368594304281,-0.31198876446555085,1
-0.9058673662220497,1.6469578985958222,1
1.4678923316050991,-0.7109091448865561,1
1.789298904291911,0.37943640788153127,1
1.2824031445296642,-1.4825820973055661,1
-1.113245426226441,1.181594959464975,1
0.8686258571907338,1.7562232702035068,1
0.5837910858886638,-1.419490790074675,1
-0.24557595488620892,-0.1744279229624243,1
0.7304766626040115,-1.153038132067733,1
0.38836400065369525,1.6954110523591905,1
-0.36822153468718544,-0.177135770250272,1
0.008702558038497264,0.3370001518827593,1
0.3348038138838012,-1.4267310724794895,1
-1.3029991099975253,0.7562988926046905,1
1.542353429550948,-0.08168280395202451,1
-0.5630853906931491,-0.09703899847540307,1
1.667336855425798,-0.5959452787886872,1
1.3032249165933854,-0.4079035921195077,1
-0.7218505534109743,0.9886140330430812,1
0.8808448604479086,-0.9771910735410819,1
-0.42951978584918454,1.123405068261949,1
0.381175001404679,-1.3144654771027138,1
1.8223044637813823,-0.6150114166023991,1
0.8669117419556598,-0.20073158042416214,1
-1.0043156276612855,1.59518137100031,1
-0.03488467385693075,-1.8731326032993723,1
1.004524851390496,-1.1422277431786514,1
0.5556835580090489,-1.9083914823877512,1
0.9552253675015543,1.1221718097136721,1
0.7181227015935386,-1.5547140705404119,1
-0.06472469145789135,1.0293377058260595,1
0.2238506733545856,-1.1753050803038951,1
1.757899471048862,-0.18578651275716823,1
-1.0587218157853673,-1.3540269804138236,0
1.9234089210063658,0.3983057783459476,1
0.5555520561783962,-0.6999339801582986,1
-1.1085734748393898,1.543922113654683,1
-1.7678314088192513,0.6513644358729501,1
-1.371803949198429,1.1763425551584914,1
-1.6935917927853745,-0.6849420812806221,0
1.6418350785980782,1.027484583656378,1
1.2484562219344866,-0.07283802643511654,1
-0.04589485599992218,-1.9531529056870895,1
0.8483556740039012,-1.3584631576943205,1
-1.1956319707519225,-0.9829229309821194,0
-0.1467303153318544,-1.2872988729838775,1
-0.4244655900291297,-1.4662380156330281,1
0.4398554229532079,1.923454444842278,1
-0.7304206933751916,0.9624345938551304,1
-0.27758772641469304,1.8289725615760095,1
1.6147365617785936,0.15866251348884017,1
0.37156688529675835,-0.38074381903806653,1
-0.1620018732778571,1.8655140014154914,1
-1.5850215218283723,-0.1928596849787158,0
-1.4104671176352372,0.14804627785772081,1
0.5154430908579047,1.0079852346640685,1
-0.8277849775350045,0.17187340200480553,1
-1.3279592072332664,-0.557153214326728,0
-1.4186966219556063,-0.43319613939509644,0
1.0857148335575857,1.410745609203536,1
0.9056363185687688,0.6252604747667365,1
-1.1659517422791301,-0.9919388159726198,0
-0.9696090004055248,-0.6901398529595072,1
-1.5571288158980319,0.033678246543317615,1
-1.2366928520444125,-1.051434489876969,0
-0.9146408725071897,0.9880275153425342,1
1.462180327764501,1.2091397321096853,1
-0.6577364372259785,0.22765724648690489,1
-1.5857670618780264,0.621492141533849,1
0.9019773283537356,-0.04553449914951364,1
1.1129726328318343,-0.12377661599519879,1
0.8368663609338187,-0.8265265536587446,1
0.5689752062484382,-0.6834350108320963,1
-1.939275068940761,0.1782466788519464,0
-0.20148549888627773,1.040755570366767,1
1.4546773575807583,-0.2793513771982281,1
-0.27988436861411076,1.3736278257073458,1
-0.05040645243270366,0.38776801636227637,1
-0.3236454255976905,1.4828891364519081,1
0.8859154039865001,-1.6654474300965274,1
-0.8104809081600313,-0.840617600579872,1
1.1508779530397923,-0.6569878720888791,1
-0.016501631968934026,0.12980714742590468,1
0.9248445443300215,-0.8022637997023843,1
-1.0750771548816,1.4321460535459982,1
-0.3451699153846488,0.13382740585265016,1
0.5882969449870314,1.354305409345351,1
-1.4418412516264132,0.974584874499051,1
-0.8651994273259873,-0.8781548947092189,1
0.8963329832592165,-1.285678920839985,1
-0.9828204010895195,0.6889786403621395,1
-1.161247263532549,-0.7522599978189494,0
-0.20690381357694643,-0.687331038340887,1
-1.3264979662590186,0.1825825627099249,1
0.9711055800688171,-0.2854963710363073,1
0.9672856408772521,1.0005722927952583,1
0.37251484993611683,-1.0847179977006047,1
0.7791283871108254,-0.5974812731540107,1
-0.6510432111394864,-1.0388091374422088,1
0.9229112237444576,0.5829507680079062,1
-0.642010437040073,0.1925496083459848,1
-0.8907595119144155,1.5246495872940082,1
0.6308798745955753,0.6863450890254943,1
-0.820039795272395,0.19797434396895897,1
-0.48757578190493545,0.04879604758643363,1
-0.6570974335310871,0.7934339261200557,1
-0.7661200865000455,1.7527040967568746,1
1.4433587778409376,1.0586090140676638,1
-0.11097022077335512,-0.08458283925762355,1
0.5483818505102108,0.6565166390481058,1
0.1618098724511672,0.9757009665637318,1
-0.13852867942987024,-0.9936059932508514,1
0.023468039044515863,1.1810358001525834,1
-0.7674448844530002,-1.3556061970566788,0
-0.5127097798537352,0.5174543429622649,1
-0.4994042901249616,0.46516072248040363,1
0.6492624452785021,-1.148971618734612,1
-0.06816084594245007,-1.5002630325934156,1
1.1159928985048506,0.008213615830595614,1
1.686180154921058,-0.8668442891855588,1
0.39347001435395373,-1.4110764334253436,1
-0.9383892336084501,1.6503145081795005,1
-0.43752874891382354,0.8088934702962499,1
0.3727545026669365,1.893455624789105,1
-0.38934522179380693,-0.7754578772837046,1
-0.37736333249762427,1.8814942383352953,1
-0.30312381553945195,0.5434537853954228,1
0.29542182084151003,-1.8983014957248494,1
1.0198196023498836,-0.8189951063027249,1
-0.0638797138840797,1.2316918753163668,1
1.300338983926592,-1.4403074554598119,1
-0.3024864844809473,0.185843173319323,1
0.2874046772391513,0.8351673972936393,1
-0.08425850709739141,0.8672484868923902,1
0.7273030760642454,-1.224233455014182,1
-1.4239006011448394,-0.6487927382556485,0
-1.136173813546423,0.31172516710840914,1
0.25024036469151856,-1.3723621280558096,1
-0.4317261255280029,-0.2812440290066071,1
0.11958298871174534,-0.4206311926635016,1
-0.8374158509980772,0.4775163677913994,1
0.5551510512089131,-1.8324251261672146,1
1.8339021760565564,-0.6001129382256878,1
-1.1078138708430771,1.4719927191210902,1
-1.4500696857139304,-1.220268101715556,0
0.09704717321079548,-1.3981953335695478,1
-1.5710924507068196,1.0293009046211818,1
0.9395155040036687,-0.7174168691576855,1
1.5828892146274496,1.0811546997823742,1
0.20309531901111252,-0.4477598759091615,1
1.4574498001003853,0.9830995577328451,1
0.21040396163543945,0.6851688622349326,1
-1.2207787453623125,0.3481496184112102,1
0.772593343586491,-0.36671347124462866,1
1.0418766185886301,-1.111853308107999,1
-0.3991714040699338,-1.0065016679834684,1
0.008271116576458824,1.1154868966935196,1
-1.3058007071430586,-0.05469059978932795,1
0.3317710203054532,0.9344931956884727,1
-0.25807434059927875,1.9323701167379927,1
0.23131332433776766,0.10303432813241847,1
-0.6167800064878859,0.9661140242740462,1
-0.48133678916541567,-1.72771233947998,0
0.9792684167967531,-0.27479721647749616,1
-1.451595356707404,-0.8188284383115033,0
0.9839255173590866,-0.286562719934358,1
0.7182287851453862,-0.6167713787544264,1
1.4770114961051142,0.5232805077295302,1
1.4847791308862544,1.2956797791962915,1
1.2862256658928628,-1.5078789439327434,1
-0.8939014242823632,-1.5111036160493276,0
-0.6738592791027717,0.2683176768692695,1
-1.142175624226193,0.5034928480347443,1
1.9271553230923917,-0.3120054953818035,1
0.43265304383527925,0.11968080297821748,1
-0.7840814214381228,1.1036471215309915,1
0.1675825659599819,-1.5658197578441557,1
-1.7248326622519332,0.6868537726464218,1
-1.5129597018151333,0.16292269002693344,1
0.1733813140592315,1.914061486009275,1
0.8262211014663219,-0.9399629541155794,1
-1.0169487263084602,-0.7338384523014483,1
-0.8685964957552937,0.5837676090227496,1
1.365666189915544,0.7312326718174036,1
0.18817463411550253,1.7111403877245597,1
0.5839962867332682,1.4292611495159808,1
-0.8782647719403288,1.2323800437936983,1
-1.6102403370544378,-0.7884385440166584,0
-1.3756134708923315,1.0087667314997173,1
0.37653900503862375,-1.7541516782072983,1
0.20370264195514115,1.037578958753453,1
-0.07581336251420544,-0.5033006834962804,1
0.8867647244953403,-1.7373820349806055,1
0.18567072639821514,-0.7357930052724123,1
0.22357805123859045,0.7647672482084803,1
-0.9604433311543382,-0.055434677319420526,1
1.2584491161261786,1.3093642499089428,1
-1.2959171132863236,0.0514305208066907,1
-1.8406798971504206,-0.23068639984083758,0
1.1293208845604799,-1.5551059773343239,1
-0.3159878954151556,-1.4006768035835369,1
-0.831975764716747,-0.39528067993115046,1
-1.3310455066307503,1.463541133845304,1
-1.4113542030316526,0.8037089632565629,1
1.5531854238410467,0.7113808528961414,1
-0.10976125030189848,1.3148906303156302,1
0.31606129354211376,-0.8209446422195439,1
1.5006254664653,1.1250941872051918,1
1.0537621309428158,-1.659226075397743,1
0.5901907774888405,1.1788328008344948,1
1.6451780352233256,0.12797519416898626,1
-1.2181350990052884,0.28028283765988826,1
-1.580355124137844,-0.8658014001274206,0
1.1952790367039017,-0.9856648399001026,1
0.336816885612761,-0.2314571268951256,1
-0.5187263302108571,-1.5645142193563932,1
-0.8343494710771245,1.7884824287127106,1
-0.11994160598216139,-0.4552569403637334,1
0.3786458507668488,1.545917907776281,1
-0.25930073601165116,1.2022425957418925,1
0.5380722357967354,0.7828791819681877,1
1.0719360725538778,-0.17294677498590008,1
-0.41146153262992124,-1.737866981628083,1
0.5079750230859942,1.2125563739440859,1
-0.1305460954017557,-0.27037888926008646,1
-1.2720796381642643,0.8834565804316983,1
1.1765785077524908,-1.0861532576389477,1
1.1271304909237703,0.5709913093082402,1
0.9716782716699498,1.0685191894524972,1
0.22867791830776968,-0.3794696649755419,1
-1.4738640923809683,-1.2035168658187463,0
-0.4498131721959098,0.3304382565337926,1
1.6739154015653472,0.8787869984392292,1
1.0990698081156998,1.3581168013165974,1
-0.21088416098370394,-0.28355530407940027,1
0.2950741547543244,0.40322407179511877,1
1.9025552279943962,0.12930458357498995,1
-0.9165640650482774,-0.8374035348121411,1
0.1946579746156648,0.633033604521156,1
-1.4587852039481028,-1.1066302644279804,0
0.40055358355324994,0.03880466480351289,1
-1.2668483640901105,-0.2839848238640704,1
-0.46811287939987634,-0.08762668461452658,1
0.11036213510321652,0.13949070819394618,1
-0.8299644071925757,-1.2227085261313537,0
-0.2387484552588018,1.6093962749144,1
-1.7799301730655288,0.5512763995476736,1
0.7745271731704019,1.6402416707836518,1
0.9268527256805451,1.1849594835722188,1
-1.352347104176205,-0.735191691961287,0
0.2067243140464131,0.9044191414679934,1
0.7447392135692328,0.6684550687726828,1
-0.762637048825984,0.2851469720342391,1
-1.1033548357542253,1.1713870463535494,1
0.36633188153523116,1.8261120929114179,1
0.23689088991386678,-0.6987202138370694,1
0.7727650428671003,0.3558150977238614,1
-1.732464014204445,-0.31293570356440475,0
-0.6522330867420584,-1.0739250202265613,1
0.9998543280302629,-1.0975879336909131,1
0.8768226313550529,1.6494070631345783,1
-0.18741918202279967,-1.29116534314656,1
0.6067341038686554,1.5401335752102707,1
-0.2641796677728591,1.348413476448947,1
-1.8388355307716693,-0.22988889499737256,0
-1.6287722118479704,0.30643958369022634,1
-1.2128120182846451,0.675496441802083,1
0.5146795067042931,-0.6321682983399114,1
0.6868635824532761,-1.6628324578141211,1
-0.9598610161946417,-0.04540398695998801,1
0.3639075473300727,0.23404597218347845,1
-0.5115927816128011,1.0697865780333444,1
-1.6872016358239894,-0.7033538424351178,0
1.8225309702613424,0.8109906651523598,1
-1.6698916700769841,0.4063617452717449,1
0.19993166321109698,-1.2651505104181002,1
-0.9282542464239124,-0.17045500856271434,1
-0.17363483533370083,-1.990580733935913,1
0.26608833869654985,-0.8982028115453634,1
-1.0786307905409653,0.9707771398131883,1
0.8577665099722788,0.8224259777484701,1
0.007480807103378557,1.205002029757426,1
1.1801017171249897,-0.37410965517684774,1
-0.20870510248300653,1.8271786571991449,1
0.7807687601175908,0.674292956468919,1
-0.6201323298738332,-1.4823832636915806,1
0.6683548809643208,-0.5709706361794695,1
1.680702166649204,0.5284021278192477,1
1.3192321958077489,-0.5825323375002404,1
0.8768327840234712,1.2566211387707336,1
-0.8138878726879785,1.2354431297883481,1
1.6237270305193767,0.7095434216609305,1
1.259328388217428,-0.6811953536861739,1
0.9838014904758259,-1.7491088336010179,1
0.4684750837703076,-0.08615093656274625,1
1.0656779758475636,0.657172331922249,1
-1.7089652212378055,-0.6004881424071257,0
-0.9084352162924221,-1.6607601632299627,0
-1.8167666660658182,-0.33346967425626706,0
-0.29222612306373186,-1.2911827264869633,1
0.7451517048372445,-0.7688671212373034,1
1.2613055726788465,-0.6340110268930144,1
1.8074774171885342,0.24323036888733623,1
-0.8469914664752678,0.8509454702204727,1
-1.0903408435656023,0.7707266115626662,1
1.2674405118684824,0.4086094293444289,1
-0.2638348085357744,-1.2935372416399666,1
-1.073242918779164,0.9427009108443115,1
-1.5981218130882318,0.8715702229021051,1
-0.9756499368266581,0.4951762710150651,1
0.0196867972146039,0.8711031311416462,1
0.4605946078795204,-0.7729427016414884,1
0.5636328383296492,-0.7228747077997746,1
-0.8899166927238044,1.00326802691517,1
1.1626326369538542,0.7309863888383894,1
-0.3916362462948822,0.9724376893071088,1
1.459381121901326,0.07015718770128009,1
1.0340238168488416,0.33754718619812346,1
-0.034525483580196005,-0.6101788242160363,1
-0.5843455675731356,1.210857114709733,1
1.871860785418223,-0.40288489341312445,1
1.6789773028186032,-0.6159486325795243,1
-0.40036906281589324,1.2405913470561236,1
-1.4573660867956018,-0.7985557849787943,0
1.5106710470292573,0.7249394776650829,1
-0.5343152293781476,-0.7934269244221132,1
-0.6892162696225993,-0.1574812615504132,1
1.546608228420558,1.2519022848136525,1
-1.150571527144109,0.4263862547286739,1
1.1556056496502134,0.04368044833911115,1
1.2891570344846126,-0.6994891149339153,1
0.0776926203462678,-0.8665502760293249,1
0.8885525119381678,0.41859651658854624,1
0.12321991732773946,0.3012247950973959,1
-0.13091267817463298,0.43516276629284995,1
-1.048536825316129,1.282791139864258,1
-1.075732679942149,-0.3227096942150263,1
0.03937897526236728,0.6043468641412905,1
0.12565222846923862,1.778059594612234,1
-0.2168686750902877,1.5794645465418353,1
0.648200647161898,-1.0593253958585584,1
0.18957206724289277,-0.903268958461202,1
1.0413632837811984,1.0458376298500378,1
1.7535329168836313,-0.19186694936791315,1
-1.4754750070043414,0.30282466732775815,1
-0.770814305433338,-1.1030119745091786,1
0.9253574648366146,-0.09605545331198737,1
0.551951811678474,1.179365960613688,1
-0.7276970570095083,-0.282579688745216,1
0.21729240751078474,0.8188814146779803,1
1.3746916472994875,0.6702093642448248,1
1.6153842023241203,-0.23544089714307426,1
-0.14507625028416857,1.2229599893144774,1
-0.0038595040004597322,0.450638776345035,1
-0.9133653092247755,0.53403057236231,1
0.7900974357868744,-0.7050358586270582,1
-1.1618842923862542,0.24500684428750136,1
-0.40394428536553006,-0.34173059044583565,1
-0.23590268738896505,-0.6550761738880887,1
1.5944126834812091,0.1362574189742737,1
-1.6265714516276106,0.3010053035903325,1
0.04702339227461846,-0.6743456107518062,1
0.5934167960068897,-1.8298834556271943,1
1.184703745503936,0.1821686449075472,1
1.5475286489647255,-0.2797566668156366,1
1.0896437642769403,-0.06834125413724526,1
1.3031101935790024,0.524663153549392,1
0.46701042739872595,-1.3686640092135325,1
-0.4316416215099852,-1.860621584880167,0
-0.5918489403425885,0.12465905771415836,1
0.22131423464543865,1.1818116543239419,1
0.611391004004417,0.10277450740689344,1
0.6663408481773269,-1.524583944207136,1
-0.26381344747163177,-0.36113946816633535,1
-1.1399957308175022,-0.25948004938472535,1
0.4814537635990339,-1.136195516888879,1
0.38995718044281835,-1.0714302812187273,1
1.6105650616874359,0.8013364444398009,1
0.31463591375274724,-0.3485809991661675,1
1.7843414082542743,-0.17977988614888418,1
0.604633252552191,0.22900278959248435,1
-0.5027354779351373,0.6990762477813582,1
-0.22634387972059153,1.3808414590650164,1
1.072764686628676,0.8957305502490325,1
-0.39820086872635135,-1.0164249779122503,1
0.4062133190039745,-1.6791881387414072,1
0.6879829261853779,-1.0441465528395755,1
-1.1641570846859268,-0.29552406644176793,1
-0.33490416370324766,-0.05911647914447689,1
-0.5274186317680247,1.628315591977948,1
-0.27835559578958124,1.8786593705580845,1
-1.3882941700559972,-0.8770900804540326,0
-0.7269992764811977,-0.5626230837209795,1
-0.43101688380170566,-0.4409877983935188,1
-0.0694868164358845,1.4109748144533125,1
-0.276485537310366,-0.03553212046157608,1
-1.0680542167451026,-1.2629455893528723,0
0.3095852832401101,-1.616197221615306,1
-0.017150923140997833,-2.000856464311069,1
0.6127560605538994,0.9481741367943306,1
1.386403542443236,-0.18151979398073634,1
0.5150158724924273,-0.798998741471171,1
0.5958801276981734,-0.7503548012476223,1
-1.3359707441991626,1.2039741874412864,1
0.06268042951356978,-0.10502223080418867,1
-1.168398062963592,1.3995521459490594,1
1.578550943908003,1.2167718157322809,1
0.16372612132970452,-1.037785280291204,1
1.4090990311014149,1.3778227718615406,1
0.9780541754753144,0.5986165009466734,1
1.685940500270353,-1.080397154023483,1
0.8530459143883732,0.23786429476371987,1
0.6659080404643548,1.5990336346716378,1
-1.6224161513510795,-0.43007477304618835,0
-0.04726661458692793,1.2062884106642278,1
0.6886208557763647,0.5515014729924814,1
0.7239025330176653,-1.6551925477391987,1
0.561898638205906,-0.898507924705,1
0.582033739047808,-1.7841126429268146,1
1.2590532433209425,-0.4490250928068424,1
0.013736474931088854,-0.7510222689483853,1
0.49601761593193794,1.5517006961906983,1
1.1614286323359118,-0.23818843250241292,1
-1.7059304877652057,0.31949659941922237,1
1.804278774420066,0.6899188330144193,1
-1.7916566085191719,-0.07325770274421668,0
0.599774326114174,-1.699878271730041,1
0.9379466401050299,-0.8713884309573418,1
-1.2519811735942943,1.4467564936896966,1
0.1082259970275623,0.952031750228324,1
1.201767861275824,1.0321856789959991,1
-0.5655457254629649,1.063491598300728,1
1.3886365771557145,0.5104181808584055,1
-0.40642262618826364,-1.4797198295097558,1
1.7955621944740146,0.10760534389727396,1
-1.5869385021328146,-0.889665656140481,0
0.5544387147992496,1.218531805772948,1
1.5680565993156583,0.3393971962085383,1
-1.8407249493552653,0.40369441026046227,0
-0.3487269176584975,-0.5395304925221308,1
0.17112182908077742,-0.36128521373880323,1
-1.4737102084402671,-0.8833158997964868,0
-0.8980325598634842,1.1849528405571421,1
-1.2177766022761207,-0.8965960912129005,0
-1.738826457892749,0.06304428765235891,0
-1.667931313719193,0.8035833501978185,1
-1.036848609475976,-0.10906987803271248,1
-0.9979475313583283,-1.5289856295346604,0
0.759054370231542,1.4628348820403776,1
-0.3178102485640496,1.602224842641925,1
1.050505869986796,-1.3142675456602808,1
-1.759672706804196,-0.2487762402293291,0
-0.19557781109791464,-0.6067189300304807,1
1.5390027782945357,-1.1129229190414498,1
0.6071481217380696,0.3820332707818796,1
-0.8505852303275017,1.6492218474797595,1
1.1438318936946352,1.3143050567799568,1
-1.405023191905918,-0.8665657715680884,0
1.5194429405980578,-0.08736670361861101,1
-0.04973557716083554,-0.564213142997069,1
-1.2267231266864969,0.9532090264277886,1
0.09512780780006282,1.8917848237968016,1
-0.5191558216484355,0.2753041018488987,1
0.03067093003557855,0.5831312718831838,1
-0.1107598243768909,1.8063568554563,1
-1.4245506761275712,1.260355207352605,1
-0.10945227380860119,1.7071719678440984,1
0.6189888849371977,1.594178716957188,1
-1.8958930131520881,0.5792158949293614,1
-0.1653707604103127,-0.19279263057642337,1
-0.8839708196401963,1.72151130864175,1
0.004553557999976181,-0.8175483607559944,1
-0.9607612606136325,-1.4503065749995603,0
-1.0691848499719976,1.0134899651153093,1
0.009298079446876528,1.1042558750390161,1
-1.5200449214544083,-0.7046201782392404,0
-1.1954176513018606,1.343918754420403,1
-0.7848641403691632,1.656776041627507,1
1.4513593683767996,1.2411064233849929,1
1.424715193508976,1.1135034995731456,1
-0.012729719998841059,1.6524702582651791,1
-0.5190602444849959,0.25784653382026684,1
-1.652941603377514,-0.649692718555294,0
-0.7399879816847412,0.5597833926276645,1
-1.4445060551743534,0.22808094286887984,1
1.0723053347599534,1.4298516628531324,1
-0.4203640136862816,1.3125785167383364,1
0.6722344779483415,-0.09122732492841537,1
1.4815543349270517,0.7223929806508079,1
-0.18973952204047348,-1.8907809323094074,1
-1.5067084061303189,-0.8570832241524644,0
-1.6771212784148544,0.03252056409685771,0
0.5656194129969968,-1.4991481910866808,1
1.4135242565647221,0.31867565080001614,1
1.731763979383481,0.15385219207701467,1
1.538399478981606,0.3181475097804432,1
0.9868994948346054,0.4790806690041324,1
1.0110777318527855,-1.161229479484996,1
0.1273679949906464,1.5695544705265019,1
-0.5788643457539097,-1.9136665673930342,0
-0.5375089320233666,1.8525392418350695,1
-1.300591356953469,-0.6304681842667592,0
-1.301008831973113,-0.08371962440048865,1
0.0522940837763497,1.3361346060262063,1
-0.5373083765986072,1.511748117800676,1
-1.436693143503226,0.821754046616986,1
-0.14515576667732347,-1.1629709678563345,1
0.1928617811064355,-0.6023380727578821,1
0.4319172938989449,-1.3224156799932472,1
1.2519756961691253,1.0456096814990095,1
-1.556204058341771,-0.07633341670769779,0
-1.2597218920591502,-1.4144098891884798,0
0.21705489689655577,-0.17391099690443745,1
0.3677714504055897,-1.0205147340649727,1
1.6664240127017638,0.7478762437543344,1
0.2333518895726519,-0.11450559746830663,1
-0.9245836485226895,-1.488083764266758,0
0.5558177709219649,-0.8933770778505293,1
1.5133852362164957,-1.2525379639359173,1
0.8621437728356036,1.3766422777636398,1
0.776873030416639,-1.7209078354490357,1
-0.3714317238460794,-0.12796550710752566,1
1.330721638021912,-0.6778440161982472,1
-1.0269079331119881,-0.5186324010901152,1
0.6290915274856694,-1.4594339968544119,1
0.4128968642356174,-1.5985677841782513,1
-0.8718664405195522,1.110937916293034,1
0.9272090705465345,-1.0460327143162746,1
0.35970172922384697,-1.1267486058605318,1
-0.13525118262824395,1.5765588477905585,1
0.7857240472750185,1.6068937403694319,1
-0.4303886840217721,-0.8254553062843442,1
0.5806575449735307,0.7470187038694541,1
-0.7997694187359053,0.13692223075778687,1
1.1342125731661354,-1.5747972568501207,1
0.9060449021338404,-0.4298824895682489,1
-0.7236875319792964,-1.3158676930601092,1
-0.5143646110316317,0.3726034237417232,1
-1.3491829575648178,-0.6802043304401094,0
-1.6531714695574302,-0.9339957099940255,0
0.24058100858033685,-0.8454743065023981,1
-0.8506212472293055,-1.7381086917416135,0
-1.0695410486152566,0.5902802533257535,1
0.8790729658568334,-0.4751028840200683,1
-0.5293692127911525,1.6256270084873596,1
0.735883163971873,0.7610650518948491,1
-0.18503615164280962,-0.36577132850495986,1
0.8086602456359001,0.23443783580840247,1
1.2981027825796263,0.014973505590930676,1
0.10335387412629539,1.7500887287236968,1
-1.440839570980194,-0.8120008645428608,0
1.2286863844165017,0.3741310348878009,1
0.5080001934681415,0.13695464703431934,1
2.0024066559723193,-0.007182222173060533,1
1.5752289030918136,-1.2027909252687337,1
-1.5569101218135937,0.7864181279140964,1
1.3635524995940507,-1.2943410455024997,1
0.3061577160020606,-0.690378074877961,1
0.9558853080909288,1.3247837673100487,1
0.628701120451371,0.5037524060055091,1
1.764544232628145,0.2560433662996028,1
1.8324935100308166,-0.6787187762221926,1
-0.3498434144677198,-0.5025817243976245,1
-0.28718865965435175,-0.5202163113612239,1
1.7177171748366364,-0.7862082599172694,1
1.1356736698725498,0.5673551473309381,1
-0.08597348624210328,-0.26682567621118186,1
-0.7027296165298738,-1.4279522050528173,0
-0.10698791757320462,1.972597655248494,1
1.6532304169703143,0.21152415895421758,1
0.6520799290208347,-0.07837284469979204,1
-0.7794141893492252,1.2017847488770899,1
0.34820377207602765,1.2125916266492973,1
0.09047429576873539,1.6951530293118007,1
-1.584156964903227,0.8923398725960212,1
1.6346199918045414,0.7366456609164973,1
1.3542046476011165,-1.435915872908436,1
0.43274557786437123,1.6543303006274555,1
1.7813370248551201,-0.017777025892819202,1
-0.8777344079173177,1.5950255638315138,1
1.2840987526956893,0.7797641256549745,1
-0.11150989483576149,-0.45795131989691334,1
-0.5055621341759997,1.8087886071663744,1
-1.2311089088518667,-1.467886885641681,0
-1.318716711618421,0.17327158335195533,1
-1.4600137627690186,-0.10723788262112878,1
-0.9074113408872059,-1.412999640610803,0
-0.07592734871552433,-0.4827356333363064,1
-0.19238435939930643,-1.053362384671404,1
0.8288253449862953,-0.7909369639456167,1
1.5887363930522436,0.3173530606465348,1
0.49268616097410023,-1.4277601919103393,1
0.2299662380077485,0.8029036262786678,1
-0.3601485964118847,-0.3248572787376721,1
0.5958529104749116,0.15623519168368175,1
0.5716653824845309,-0.33763430268845074,1
-0.6979932715054715,0.9321807146056167,1
1.2686582220285783,0.7383139721203091,1
-1.2036364791008598,0.7575211386489606,1
-1.594944302164662,0.4742706812687803,1
0.09534901368194738,-1.3356867461419089,1
-1.258704113495961,-1.398378786209692,0
-1.4129976855477149,-0.06933896306726008,1
0.9780642043427202,1.6270945423310652,1
-0.6161638189189941,-1.7659074503292236,0
1.7319789371263807,0.969492602151751,1
-0.9415730854418073,0.21856544139226022,1
0.9814151959598845,-1.4301281799214052,1
0.6630394870147654,-0.3743052381500908,1
0.32016355413650516,-0.2858409419395127,1
-0.05442627210447832,-1.192734644417554,1
1.6000555653797948,-0.8230355291212863,1
1.2930936254305196,0.9036542418730343,1
1.767379072076831,-0.6495141022696402,1
0.7687492961025442,-1.542753888245159,1
-0.5228427902207351,1.6793821047170903,1
1.0223869581253602,-0.34417275437905265,1
-0.5548876682827516,-0.3276320521782747,1
-0.7420682018459732,0.7073694639477366,1
0.48545958591459,-0.82081884424545,1
1.0467650381002394,1.2765828978045322,1
-0.109741042336031,-0.8780502118899691,1
-0.6961944832800139,-1.7846502721632118,0
0.06398989841326243,1.2229655979464145,1
-0.570417032686383,-0.1885896152655108,1
1.4582190079740907,0.8796529550612534,1
0.724363846013153,-0.5885402401819925,1
-1.0820257596930851,1.338858591372691,1
0.3309193007571482,-0.44667472569537575,1
-1.4115874598339273,-0.9440137241616101,0
-0.8754911719118802,0.2069272003448016,1
-1.0071767521564632,0.5330273827636718,1
-1.4538541652006927,1.2361324901982902,1
1.910533413752302,-0.3008365555630988,1
-0.9487097103718313,0.2415213030545107,1
0.5355960200097744,-0.6998552192377756,1
-1.0265302993533958,-0.40471441457140583,1
1.1546875340489082,0.04398085060232438,1
0.002885985186905739,1.7836801969454612,1
-0.006474248294715871,0.19815272493794303,1
-1.5000103487219052,-1.2014788500321767,0
1.6740462161518253,-0.2037870415751575,1
-0.06652786352944225,-1.0319190830936589,1
-1.3026169952768651,0.30143159723685653,1
-1.1755534695356489,-1.151083219812071,0
0.8552385742110212,1.7036636528898608,1
-0.7289692264694968,-1.8224917190990415,0
0.9366361314549707,-1.3296177233969613,1
1.585384221967191,0.15952767528177206,1
1.109968822564868,1.2188345278304193,1
0.6350589889665211,-1.8901638136108267,1
0.02169067856501985,1.2994702072829563,1
-0.608627970463818,-0.8175559048096408,1
-0.3860873526774605,-0.4768473014682641,1
-1.259218997527938,0.9139010619306942,1
-1.3169071223902684,1.349130006178047,1
0.7680786547813645,-0.5080230412775731,1
0.9034240383199393,-1.5676073815355402,1
-0.9267635655636043,1.7157537333327395,1
0.3538477002331132,0.6485489731567984,1
-1.5400565850832513,0.6921323760852233,1
-1.0680589815108834,-0.2786005361193069,1
0.2197761611045675,-0.01797618343715995,1
-1.5900145731144457,0.8467131020759464,1
-0.12305594354857527,-0.4257888623749737,1
0.47333112570256863,-1.3669157796006797,1
-0.1283589967222396,-1.918209603676729,1
-0.9303752129886023,0.375593843749088,1
-1.765145126054879,0.5678197363635324,1
1.2089003639735918,1.5611985671273652,1
0.49927329912395685,-0.6547492375945336,1
0.4264039307237584,1.2062497787707527,1
0.6764815354423649,-1.7924059703592472,1
-0.06547490426609111,-1.67893716320622,1
-0.20975816709409473,-1.2430551623223018,1
0.2305191732137729,-1.3043431680659872,1
-1.3320572110575202,0.935899114180887,1
0.6679175248974039,-0.37445504332219687,1
1.1627785738424923,0.5797061943381646,1
0.5709587365926848,0.6221108344158869,1
-0.6539046895030446,1.0069954678699133,1
-0.11265440335996793,1.5217629722079744,1
-0.8564123274657546,-0.8454362119521046,1
0.33070728927119597,1.4323229737130059,1
-0.4469774225744821,0.6764343284566052,1
1.4380719261711792,-0.30213028172716005,1
-0.5623185056494058,0.8852563760292579,1
-0.2527855236091334,1.8964762044867656,1
0.9452542318882935,-1.0141697414506174,1
0.2286053953014199,0.4207020121438124,1
0.04106031239800999,0.5945778583992612,1
0.2598948058227094,0.048849185335931106,1
-1.0915613161939726,0.9418945142217909,1
1.2095878189691263,0.7322060608953351,1
0.7159477799025283,0.48320337299315175,1
0.851604291289247,0.3688616705893835,1
-0.7589956761400191,1.4830532704830257,1
0.7616394340712134,1.681992457238777,1
1.1609622173257268,0.5191410926923528,1
1.8689451170904445,-0.22460508659861003,1
-0.07320838991303466,0.5663540772114919,1
-1.2875516218534022,0.12438100389309349,1
0.6136785247759728,-0.8443214917401365,1
-0.44521138475653765,0.21984972786522028,1
1.618083829606111,-0.14049821514785793,1
0.5137835027283422,-0.9064072145838615,1
-1.366401409498285,0.083364467216705,1
-0.01182175516056845,-0.6689627736436646,1
1.1921738225420226,0.9340050609952018,1
-0.3345109022861734,-1.4735297531399314,1
-1.6591691107360282,-0.5097702292333749,0
-1.704205708957683,-0.6570691343016049,0
-1.1873174188016509,-0.10520326442862711,1
-1.635829096868004,0.2995256014438167,1
1.5387561419661915,-0.7563554021599347,1
-0.9242314875399417,-0.3686500108109743,1
0.5934597649707094,0.3109349022486877,1
-1.34381649831594,-0.5765376734888952,0
-1.076143675518564,0.6767753949015938,1
0.6779950791208391,1.7813610301930474,1
0.9066114415202416,0.49705405767514266,1
-0.210442118677039,0.10433489110244194,1
-1.0880671887664313,0.46814685812412404,1
0.1274327199601517,1.9665070244417622,1
1.0123689715350848,1.4848059722045435,1
-0.5871258838279892,-0.27597672820032754,1
-1.7531989178146115,-0.42520017163453633,0
1.5642161332920048,0.519476431947588,1
-0.09603372321111885,-0.5906683241316156,1
0.6942266775566888,-0.1908127677424807,1
-0.3887398215891688,-0.22307235541709905,1
-0.9361115762923676,0.41800071117573656,1
0.09148769588967552,-0.961369870928406,1
0.1921068740794467,-0.578013082047192,1
0.9273097056088656,1.1458152765939162,1
0.9723576334600237,-1.526041317969954,1
-0.30737168395308456,-0.7803778549042304,1
-0.6516902594075387,-1.1157957474926412,1
1.67925978572706,-1.0031063026169782,1
-1.016953860345155,1.2801186996273715,1
1.2844794438167073,1.4512662753761818,1
-0.8839899496618642,1.261466401865109,1
-0.9230618596827574,1.1905907105059728,1
1.1989099615032566,0.8392876244080218,1
1.180525341782355,0.9750048777415936,1
-0.17507077740034374,-1.5027698591043293,1
-0.795203545363545,-1.7914453762891611,0
-0.008662008852479579,0.3951665612527154,1
-0.6844014156025854,0.12208171960511706,1
-0.3388804443733056,0.9497498484102983,1
1.8188012565933829,-0.12491972417670577,1
-0.9604260806005586,-1.657179893759327,0
1.8171845313384192,0.5913215584706542,1
0.8103534538951532,0.6002099481405976,1
-1.3123274820196402,1.4329998429944073,1
0.596412709003799,1.2106653954517477,1
-0.35572715651499204,-1.794418222547255,1
-0.1382940500829299,0.9069194392338332,1
0.40530766617976727,1.458922281383044,1
-0.7796035751187632,-0.540104314498161,1
-0.5175199186880104,-0.776684510604716,1
1.5205949141259447,-0.7788766406963664,1
-1.6942282776883806,0.5760999254063379,1
-0.09067501721671388,-0.6134598383098582,1
-1.0096520761471224,0.9350475122347968,1
1.0194827492753948,1.625758376612593,1
0.9229797472131106,-0.23934759032863603,1
1.334278375308859,-0.5598660023379992,1
-0.09406679044570732,-1.9269888515983642,1
0.6987029087172358,-0.541097538487564,1
0.09087879411505209,-1.5277448012754007,1
-0.28539330506625304,1.078310098603532,1
-0.3749520559936141,-1.7068520696041347,1
-1.478836621479706,0.21720049460258925,1
-0.8736045188203392,0.3333335362012994,1
1.7105215421723003,0.17036301133618756,1
-0.9284370067993849,1.0346070322391854,1
1.093431628283092,0.10102616930971843,1
0.6600964103715949,-0.3622544075292165,1
-0.0730448873681797,1.4549404420775156,1
-0.6460095663997771,1.6629830256954776,1
-1.789400121304775,0.695458134055356,1
-0.2997177355988834,1.4573359928598495,1
-1.7176706222449571,-0.3519574996311407,0
1.0690531532008103,0.3516281321389872,1
-1.0487363863026593,-0.8166164803496545,0
1.6130776689738533,1.1298505565623653,1
-1.9178762862880896,-0.22591356167330695,0
-1.682007658666516,-0.7721935715660411,0
0.0703945992898895,0.6639142206353333,1
0.8107879043836916,0.023725487877164414,1
-0.9504006486630697,-0.45861768114693363,1
0.5143468840173688,-1.376847973979905,1
0.26384457422463625,0.5293657372985265,1
1.7311802771960454,-0.3750941110837009,1
-1.0022614386699302,0.9974107651243653,1
-0.8426047106571408,-0.6651544136447164,1
-1.6440740560287908,1.1055807908682753,1
-0.8462838821471634,0.621011480784832,1
-1.2979946196903482,-0.7685768548407929,0
-0.3146309409700416,1.1296775398387875,1
-0.4199167950415121,-0.154799414954793,1
-1.073297571709489,1.1530729630071908,1
-1.081372885797295,0.4553952365223264,1
0.8418325286291707,1.1888158399992401,1
-0.5343425147573715,-0.656924847684237,1
1.7514088007667956,-0.5742422784733491,1
-0.2923955962307321,0.7870971135141208,1
-0.5784933729136527,-0.6739346043167291,1
1.1124435732433957,0.2544645929746882,1
-0.7796595897445847,1.4700016911242546,1
-0.33264445609968435,-0.05166606749969091,1
-1.5272046035032394,0.3492188148472653,1
0.6973666104225561,-0.7250602602563824,1
1.5481761551283357,0.7385917485972716,1
-0.8013853782374167,-1.2866517435640252,0
-1.0325341647196744,1.3724745021916918,1
1.7548098044326086,0.10367168437191321,1
-0.5172724247735271,-1.612251679816068,1
-1.8655789301585932,0.3001859553212063,0
-0.1910316027779704,0.13692469006315236,1
-0.25063024769923997,-0.07534172508292297,1
1.4858277871536136,0.6133261394024407,1
0.8293572780965821,-1.511024707370474,1
-1.664960711542557,-0.6017716961491243,0
0.7459641447099732,-0.9058349456621045,1
-0.21980497414217742,-1.1858134097329618,1
0.6567677032520332,-1.4393594138730872,1
-1.463466791777094,-1.1655816607346503,0
0.6570585895742351,-0.2936429708922155,1
1.5493161999650205,0.1296666449242843,1
0.17251695738067271,-0.597016999977652,1
-1.4599800646177168,0.6696238042248244,1
1.604098359459647,0.9093037442385375,1
0.4258325557966553,-0.592788492989689,1
0.3378702447293932,-1.9758462911824224,1
-0.4360530052106105,-1.6924783978996982,1
0.9411177771715249,-1.7029959109450863,1
0.03767896397455029,-0.06251924339320761,1
-0.5324870908486794,1.7604356040698264,1
0.23411582430796696,-1.796458973165577,1
-0.2511507460520612,0.05835991599676688,1
1.0898198174501996,1.4652135942326747,1
0.6439591511164164,0.17771381563927957,1
0.3399082595514333,0.40622791029787275,1
0.8276477715359046,-1.1706493693107511,1
0.2781016273292596,0.2449059140041836,1
1.9944032781909513,-0.106091854409147,1
-0.7905123037104949,0.7859951809634742,1
1.1058064491854835,0.06763704878963543,1
0.8682797336860733,0.9858257953810254,1
0.7649095696766334,-0.13147535366871238,1
0.00815103983551103,-1.276420121536589,1
-0.3243798654114466,1.0619245015866114,1
-0.6195788236995868,-1.2619911754859514,1
-0.09460172953096505,1.3050581742610703,1
-1.2836244104681798,-0.33582717258738043,1
-0.8556170763573692,-1.3610513216517068,0
0.19993890793941416,0.4735641283965344,1
-0.35626450009468125,0.6323750157744524,1
-1.588628199822604,0.27145791163664973,1
-1.3557455357006218,-0.6895547819711133,0
1.7541737117985772,0.9073385603629273,1
1.5481503959380911,0.3054453882224324,1
-1.3758406510119667,-0.8381977931241696,0
-1.3351540038106562,-0.43615164223557157,0
-0.4399513477755387,-0.8718293927237675,1
1.3648908872313052,-0.22070935003252987,1
0.5673370271744866,1.4500896352809356,1
1.325800467667344,0.431388008181303,1
0.4365950023553156,0.8997477254991684,1
-1.3652954431686841,0.9830864532213376,1
-0.012931228186821898,-0.34899904830739276,1
0.2688545682174706,-0.18202489904676528,1
1.293299229630148,0.3828661624034178,1
0.6083968929407043,0.8028367191365213,1
-1.1210229730746641,-1.3190502456219646,0
1.3203681213687735,0.37185259303087514,1
0.6349969727964495,1.214491064276447,1
0.2617730045261576,0.20263214860530424,1
1.4005731477636871,-0.4906105898906753,1
0.8170117239856391,1.200549714447783,1
0.15061358846046513,-0.45320474828656254,1
1.6561531699054315,1.0620837418886966,1
-0.536359937194811,0.32889042342887387,1
0.1396663575743798,-1.708379091042005,1
0.4934078735043014,0.5915447294506978,1
0.27477701077742217,-0.5123713898786506,1
0.3565990435181357,-1.3139722057274783,1
-0.9744109503514038,-1.6302400857458614,0
-1.544456943388829,-0.8271572931347564,0
0.30740836953954315,-0.9164797256205961,1
-1.4328910239593216,-0.6321800783289425,0
-1.5359785869274674,0.8066602861457428,1
1.6895469811107602,-0.5176570272002156,1
-0.4229103896144689,-0.7443051012426946,1
0.8115202593824834,-1.1079620142255462,1
0.7073098244123798,-0.7522250757969767,1
0.7398602598528043,-0.9291546952307561,1
0.8281887020245822,-0.8296668358118695,1
-0.8486333685722067,0.4618968828166878,1
-1.8892973970430875,-0.15594830054899203,0
-1.0647514406116354,-1.3599844130357943,0
-1.3082186534742026,0.34337001778929815,1
-1.6606261064184857,0.45325279885616304,1
-0.15666547340182732,-1.6973564988761791,1
-0.4182117203724331,-0.9684445364115417,1
0.5501719516513041,1.8253128195777804,1
0.7550966558699403,-1.665094752924925,1
1.4620656440748812,-0.7283324652952385,1
0.5114182222145601,0.08360389887615015,1
-0.8239171234800426,-0.14921916171427402,1
0.8346818843207419,0.2039404921837419,1
-0.9119159193186149,-0.1235024471269521,1
-0.9812709861683593,-1.7023060373110834,0
-1.1663465629192942,1.2637697383138946,1
-1.2975149911028143,0.5139336954123531,1
0.53820330684384,-1.88465132640711,1
1.1694646414301515,1.0253367799449802,1
-0.9025755216357586,0.7408839917161653,1
0.20465763921290164,0.22400588714820746,1
0.39850584021360047,-0.373868486908831,1
0.8467390186040538,1.7682819224472508,1
-0.9290282623450008,1.5305713118873807,1
-0.2211873999633676,1.0275609216098336,1
-1.3037634294482916,0.5124343888162206,1
0.11576115586084532,0.4249050867606465,1
-1.5458614294939943,0.6769555668346905,1
1.3517207456601537,1.091659881794735,1
1.0953164780649274,-0.5540582273573629,1
-0.9271757802528355,1.1967094128543605,1
0.015458412790581482,0.9608696877171586,1
-1.2150469640024117,-1.4809683324362821,0
0.6486103122967157,0.5358577769174162,1
1.4132540332922194,-1.235639517899248,1
1.6101950677413053,0.06875407110476205,1
-0.498579933990091,1.7300853599935913,1
0.5887601436548294,-0.6072316538180758,1
-0.17932519526127044,-0.29935248920087093,1
-1.3698966998524227,1.4267183219491326,1
-0.621861050062068,-1.3633072768609875,1
-1.3877021524494035,1.0018977460775487,1
-0.8330449359859063,-0.12246418030149271,1
0.26316752403610283,1.3174755873068567,1
0.13517825407928097,0.19527757631644693,1
0.9084019199402027,0.4491470647778581,1
-0.40274327313311825,0.11589209515889574,1
-0.3223809246422087,1.3788245767168201,1
-0.010453732692452982,-0.0592515942015551,1
0.6937753327615545,0.6929602354525144,1
-0.47680400737323547,1.6732493143388085,1
0.45555031460545214,-0.6045118753442419,1
0.4420043318800198,-0.708563739391177,1
0.8302784807237183,1.1465738392771712,1
0.23829626485285113,-0.7063265397644207,1
-0.15871615391879831,1.9326378561972708,1
-1.0067145799935,1.3013147074581766,1
-1.0720979386479292,-0.5245341619207023,1
0.9831855075434927,-1.1076570444871658,1
1.6071808105629188,0.7812270710671206,1
1.9217468577941945,-0.30598732566991627,1
1.1648780579694933,1.241699739747181,1
-1.2412425384971724,-0.3893371151823574,1
0.7440576386494037,1.4899475861001084,1
-1.0334616998101427,-0.6978340619300419,1
-0.27300944423049156,1.0202340455694745,1
0.00485189729148965,0.8518325789498459,1
0.32286139817297166,-0.2426589498950915,1
0.945857005782194,1.5096686471657805,1
-0.9774427485047344,0.027353372072090737,1
-1.086113217937409,0.6934932414940771,1
-1.6231628451746587,0.6852205315246371,1
1.2650922812784655,0.7147615597866259,1
0.6955656824259674,-1.1036566979069145,1
0.0658422774555294,1.0696146755474405,1
0.8187061961597876,0.2395346888526079,1
-0.5446506130947893,-0.4937295109282481,1
0.06204433030257372,-1.9553466865904852,1
-1.4693760135142055,0.878384550159606,1
-1.1532884649181305,-0.36122930568972333,1
0.6659236027229253,0.7701010830059919,1
-1.172426457970424,0.9620610495457624,1
0.35581376812731186,-0.36070980001200054,1
1.361644919612763,-0.586014176063424,1
-0.24562413736022692,-0.3301011094196521,1
1.8173699033507253,0.5202054772753475,1
0.9774712990183444,-1.036659603576812,1
0.9427406704104596,0.7171124577198209,1
0.7922198242576969,-0.9275066943530695,1
-1.2286278913505688,-0.40486495505640974,1
-0.10319810990370226,-0.974147146560041,1
0.4605369269602576,1.1358484993652596,1
1.3977483976288043,1.159393536724828,1
-0.4455737298459519,1.403446501911239,1
-0.8947414077739856,0.13152643720754642,1
-1.162046933470035,1.2539390900906977,1
0.015294785460062448,0.27756264169164124,1
0.2624962381040446,0.7860495489506955,1
0.17053595586803935,-1.7883647312202149,1
-1.1121905472402023,-0.5914976093816121,1
-0.8956561253406584,1.65000811446367,1
-1.5694655149153853,-0.9290185513206395,0
0.8128432701705237,-0.9855269725592507,1
-0.44915190288557927,0.027045330113598314,1
0.44896209177577173,-0.6185254598716452,1
-0.7621725850472535,1.7115753394658764,1
0.35038232328677876,1.8792505100260173,1
-0.7740047171487141,0.27784780725740393,1
-0.7633329823002787,-0.6647551805621545,1
1.0057354793876692,-0.9989849649589956,1
1.3453425236898209,-0.41734420922947246,1
-0.4010286085381592,1.2046996922841946,1
-1.1337587431914526,0.2175515276399836,1
0.4437256021792429,0.4884901326835321,1
-0.2270634925851717,-1.7538154782659794,1
1.2644484892418366,-0.45949962479740425,1
0.2902305358907108,-0.5286022041381521,1
-0.2626397098873285,-0.9502131171750586,1
-1.2986367701722934,-0.2806029830620998,1
-0.2125452175812575,1.7203220429584385,1
0.009326444915529628,1.1518753730102873,1
0.688521133155264,0.1537175691703066,1
0.8842120168252355,-0.29392099502927316,1
-0.035094752078481166,-1.0243955663217852,1
0.39029299975323967,-1.2555543581540902,1
0.7919681238623602,0.8364257642985836,1
-1.667389288049664,-0.5866268327069006,0
0.7414888998981691,1.1625110857145673,1
1.2426149691045358,0.72720593823799,1
0.07945824525230563,1.170424036177726,1
0.2590051962320852,-0.1280853723638969,1
1.136029115204646,0.5462418343292889,1
1.8144592990988804,0.6347907771902808,1
0.7789041716107084,1.819505371358208,1
0.29901183116630126,-0.4268832798841287,1
0.7836504650118691,-1.2749014184075138,1
0.1462486561663382,0.18755808814785435,1
-1.2209843807682446,-0.8185869658637992,0
0.4599462863004117,1.6033605289712398,1
1.0953456313992869,-0.6238264558779963,1
0.30805115891993756,-1.136308298650401,1
-0.3723525745531407,0.6516978012034736,1
-0.8023002663852936,-0.9435918554418505,1
0.30583795293844845,-0.7453664233798124,1
1.3991262704308811,0.6971883121219707,1
-0.7799332392028028,-1.7279980806590178,0
-0.8635942355189534,0.6997076005758569,1
1.4844925272635643,0.8049178249154648,1
-0.7253010753112122,0.5863561736397427,1
0.25004335520828885,-0.14637305772596163,1
0.8087254147551877,-0.05267470867377988,1
-1.7658292622329836,-0.6181616883599577,0
0.5204060200557284,-0.25853492436883574,1
-1.4264501015354927,1.0758915660187938,1
-0.20411574648566994,-0.8307732404343567,1
-1.0280760646615608,-0.9615565034926766,0
1.3350663421294064,-0.059171659932546694,1
0.798907855842932,0.5348394851450832,1
-0.6347709600029581,-0.5202450553714784,1
-0.7103421709978568,1.6198829373181203,1
1.5585102508510784,-0.09819231986350564,1
1.154960142792903,0.5510320575121096,1
0.47283141051865313,1.6851822193265524,1
0.3668337590989845,-1.7269504343742308,1
-1.1629751534628487,-1.4202205749333936,0
1.400730728316536,-0.5006425136629767,1
-1.088753804382394,0.7599937249879343,1
1.513355979090086,0.3513578943215494,1
1.3754432121211204,0.37999025170944156,1
-0.4801656807422544,-0.9434529520007041,1
-0.5185815955163884,-0.9485753610212316,1
-0.4208493169981282,-1.5722122849720914,1
-0.2772039017478967,0.9445077160330515,1
-1.2045785708971455,0.25905883070135466,1
-0.046121185626746275,1.4258640660105784,1
-0.8555452210518665,-1.3994965560072576,0
0.31956654968617704,-0.9579136605557298,1
-0.5799172509320655,-0.46534346813730676,1
-0.7498095063866242,-1.1723160628248679,1
-0.48531936609315013,-0.01501795035176497,1
1.800185570900506,0.8656192731333187,1
-0.8315348210791996,1.0562158196891716,1
1.2291942587264262,-0.754409413430526,1
-0.19746192681097613,0.7362123432223786,1
-0.014396893969950256,-0.6520342119588257,1
0.6552954847864781,-1.4347721459513614,1
0.19239956572290756,1.7077482742633694,1
1.3557259310592547,-0.8831156772877455,1
-0.7228359646518978,0.44050033124745536,1
-0.36702086945045975,-1.4611238332254295,1
-0.541197401525634,-0.9179282937595831,1
-0.13111553185722483,0.20136170316489757,1
-0.13535515311933607,0.7845032618088992,1
-1.523678360424969,0.6176240237660983,1
-1.511060405494986,0.9466578105324742,1
-1.2067041109629302,-0.8519606844204628,0
-0.7349981327347336,-1.0720861408942577,1
-1.678876246048235,-0.5189421619807378,0
1.6634551509696962,0.7352052228256064,1
-0.8987762220557849,0.19219955690838197,1
-1.3875475962135002,-0.8726072559755336,0
1.362957765558329,-1.1701574396079895,1
0.09691617897490748,-1.1364570638896332,1
1.011575188447974,0.6241825048263417,1
1.3590130042118826,0.9052426414022935,1
0.23270134454512298,-0.39097126372207597,1
-1.6746130803667454,-1.0509457236521331,0
1.0387515706495407,-0.5440229841584228,1
1.135884842398699,-0.46836816548102894,1
-1.6651565334280585,-0.6772721562794595,0
-0.29937499284107966,0.04671588478979136,1
1.8896110720085437,0.0888732904488467,1
-1.2531727867624414,-1.0938992308716982,0
-0.5844098606316728,0.8095274482623297,1
-0.584208860068422,1.0984412915151645,1
0.4363020228421224,0.7354813077296293,1
-0.009158555234100144,-0.6578488789303234,1
-0.20951642259287634,-1.8867861129889543,1
-0.2828307704052567,0.1915604698189113,1
1.6244031965139067,-0.7459949332824267,1
-0.17272080204253104,1.3987604458643232,1
0.3835047306152857,0.29396096372686675,1
0.14200310788329698,-1.1348751949248892,1
1.2180230803547085,0.41197776295120586,1
0.6830229671732283,-0.11209874121132443,1
1.0492689561959956,0.30551532182068003,1
0.6949095252012566,-0.7837735095266929,1
-1.3065778034507645,-0.9386388993486444,0
1.0700155545681147,-0.5897199052095184,1
-0.37183422998079874,-1.321922514614183,1
-0.7099116305361445,-1.198443362986069,1
-0.1079142392578669,1.5248374602044588,1
-0.2269473707762106,-1.868307750104866,1
-0.19262955521105543,-1.7139826169638572,1
-1.6147132524986445,-1.0985086804133433,0
-0.18393980453645492,-0.5140466354459396,1
1.5244816066268851,-0.309409235426396,1
-0.8221971639345034,-1.3998045121984963,0
1.2644327958230899,-0.844948834851967,1
0.24627099545821696,-1.3869718336796137,1
1.8982267745731103,-0.5657177213377981,1
0.7198714796794946,-0.014715816648502671,1
-0.6467165236538179,1.4665643866864946,1
0.7088020118883802,0.7914431819007197,1
-0.07438274905959062,0.5915545353493968,1
1.5787075906417567,0.9351797704214075,1
-0.560411562072122,1.5927831016012373,1
0.553655436225199,-1.8205628861049894,1
-0.8407794315959176,1.590392044388926,1
0.2765089386420361,-1.243996760085323,1
1.595425064241535,1.0946022878634247,1
0.6014219459553284,0.30967653845837617,1
-0.026749037402765397,-0.3077939854625184,1
-0.029699633293306833,-0.6193809811327721,1
-0.6569168086539833,1.611275504786047,1
0.13854515595704694,-1.8939040752075842,1
0.5922391020337975,-1.014884698406111,1
-0.14470920965667936,-1.2304460923699736,1
-1.0221264827162944,-1.2776384802276732,0
0.337565959934014,0.9542154809374369,1
0.26304895400880735,1.8174096266644997,1
-0.7491895082824808,1.4116429148963863,1
0.8795679735761739,-1.2084108230533794,1
-1.8958789804287601,0.41072083195511383,0
-0.662867910814435,-0.8764080165478414,1
-0.27331487112948805,1.832006002243024,1
-0.15126024762348964,-0.6379709232711639,1
1.842616378969733,-0.4992180135682978,1
1.2398487496366162,-0.037458906232937184,1
-1.5623050667163887,-0.840798641572397,0
0.13340527148758885,0.7192701004564103,1
-1.1699346035184943,0.3853920118133646,1
-0.15998836633643762,0.33532180074114604,1
0.9363445355291431,-0.7569010534412667,1
0.3071652088795997,-0.3265050178532687,1
-1.07064311409127,0.8867703603881739,1
0.15650980861917604,1.892350305871713,1
-0.6017635161309022,1.3748073668003056,1
0.8512853219735036,-0.44426928726460674,1
-0.2697179693172716,-0.8446064144799699,1
0.2784160923707362,-0.30017929816599026,1
-0.03841713690436936,-0.3279978185006725,1
0.525952848169173,0.42140452906448506,1
0.04265937633632318,0.24640312252328925,1
1.7793567453209413,0.8857070889675726,1
-1.8802949995537774,0.2332711160611365,0
1.328921108935677,1.019454325655498,1
0.6564254956657863,-1.5581863920265122,1
-0.43498466745946235,-1.7115032817396776,1
-1.1822815047959774,-1.5236940911628605,0
0.791750358416639,1.6023448006530643,1
-0.8939464408977035,-0.7290947256809585,1
-0.37190442136408036,0.2375071206845668,1
-1.2264801024185439,-0.1770914343690713,1
-0.3415040456603472,-1.862762080192962,1
1.573098687711992,-0.8429216315691589,1
-1.306186479825584,-0.6682883597140399,0
0.23738259798851222,-0.5432047233245603,1
1.0117405957859034,1.1481727356257014,1
0.45421927609529333,0.07045623831521156,1
-0.5476456868718953,1.0920520331792225,1
1.2304474723774974,-0.908188857320734,1
0.9934150060614946,0.3069103747260879,1
-1.6739188393726936,0.06732546603112584,0
0.9193495297786086,-0.6769983658667336,1
0.6721292099250822,0.21347620615161964,1
-1.1572603249021964,-0.1825010163002588,1
0.25319587274030025,0.30868991660746964,1
-1.7105934585000278,0.9936011299931564,1
0.10163908094683337,-1.0301930727542534,1
0.8710025867287358,-1.4129631813410573,1
-0.654793229294316,-1.5043054573462606,0
1.3176821228232467,1.0509281316907082,1
-1.6102070967846942,0.9603710255687793,1
-0.0361504844972401,0.9678839353861094,1
0.9445087342902788,1.7175931834695761,1
0.21407491391694308,-1.458960493790576,1
-0.6016646787689169,-1.7740941935177292,0
-0.5408229242786766,-1.8122067003423925,0
1.9736025292270671,-0.2728976316208412,1
-1.0543916720181243,-1.4624639471493281,0
0.4247793856472223,-1.0660080413888413,1
0.302435223965749,-1.8929312124439186,1
1.4569800989810542,-1.0812057772292718,1
-0.26227823551374996,0.5854139975952156,1
0.05902974182548467,1.6476648835147345,1
0.1502235260694981,-1.8463383792449346,1
-1.5067507515644671,-0.9128229035068441,0
1.367863208126405,-0.5032454264706391,1
0.726848790483391,0.2455811561596324,1
-0.8620834859735462,1.714567494310494,1
1.5039219764639293,1.2950369140821771,1
1.4236872506317997,1.3207936273056988,1
0.6611573296001573,-0.5933568802047068,1
-0.36412220372197385,-0.5554759523047093,1
1.4216855334321912,-0.9795547406657416,1
-1.1196317037699344,-1.082027029587178,0
-0.6279833976006834,-0.8032790248798812,1
1.2862841850276583,-0.9204392711786782,1
-0.7334713474614559,0.5603922557977259,1
0.8191514177254774,1.0433493728568355,1
-1.3540177082102798,0.597430518091128,1
0.4532122801638375,0.9564368700221567,1
0.6330889954939262,1.6679707607212364,1
-1.6909441133634067,-0.6652353058554958,0
-1.545284185733704,-0.004712689690471365,1
0.41155123025779106,0.20729657282349873,1
0.5880389923070201,1.354739568272703,1
0.9340703298829002,-0.14099048219793472,1
0.2535420142624239,-1.260725795033761,1
1.5924143838917089,0.4415108367990844,1
0.7414992822268255,0.27536869423854804,1
0.0656501437520487,-0.9306921289771887,1
0.16504320903202938,0.598346680363867,1
0.3401777281750507,-0.12774124893059632,1
-0.17597628732373496,-0.8970631562751415,1
0.1782451115942767,-1.844917894568064,1
1.2142845819271508,1.5129059903081257,1
-0.7944889895784256,-0.8058709660920875,1
-1.4149356895597276,1.2569837029855317,1
1.2680785337422371,1.3804396181866783,1
1.7191023378379535,0.07763618450854848,1
-0.6058484836429721,-1.3834212001794015,1
-1.3061926990538266,-0.05328418517084874,1
-0.5197489431350389,-0.36296769243533666,1
-0.15600427295970878,-0.18056924240686012,1
-0.5077069964682691,1.6198809910749157,1
0.6082392918645781,0.3747726191785991,1
-0.2559525740608485,1.0895814366030767,1
0.9383643241831805,-1.0069360505814304,1
-1.2823956189332375,0.5473982699933507,1
-1.4715656631929273,0.9983581426522901,1
-0.9179844229608132,0.5647322728392765,1
-1.3145885984222827,-1.1856492335881113,0
-1.2076473785379738,-1.1686064120694761,0
0.33450239637933543,1.8883193836542076,1
0.4246141490762204,0.7737338941191932,1
-0.7396884284630759,-1.6447443401608786,0
0.6774841965185234,0.48562363240599177,1
-0.07607711434145296,-0.3627224687877116,1
1.0605373742002588,0.6649524907867639,1
-0.9112634772356505,0.7721999451014048,1
-0.18973912434792511,-0.40100175927330967,1
0.8725328907296673,0.5511430117343208,1
-1.0926657113420595,1.5773605995099644,1
-1.3229959491339671,0.28186977802220253,1
0.46579774799127577,-0.9051671216417624,1
1.577075646005925,0.3983180544140559,1
-1.0750357007183393,-0.6686868254500015,1
-1.281881227748912,-0.03242650627190744,1
-0.7855842181705142,1.6946750039822758,1
-0.0731769135462085,-1.9993894359308462,1
0.1573308928682465,0.10402163739166066,1
-0.7776414077524914,1.596699250430533,1
-0.04751550974052865,-1.5534503120094785,1
-1.1895174336874335,0.30572589894015895,1
-0.5716939145955449,1.1579868946577365,1
1.6716809925380207,0.16207982968092086,1
1.3900539422532172,1.0971149806246958,1
-0.7034538238408236,0.6693194082631095,1
1.8102846555289673,-0.34885817691747295,1
-0.9027862441900006,-0.42058228198689146,1
-0.33660173491386364,-0.3756524095066663,1
0.5479582360598828,0.4578465622979643,1
0.87085614423409,1.2684420820775935,1
0.5249904368366757,-0.14092481539008844,1
0.7630258265080258,-1.4292856229241928,1
-1.266239757820596,1.3801986551108054,1
-1.028772689719874,0.331750825567033,1
-1.1311067979168015,-1.4859317598956343,0
0.4765499239050575,-1.0560183965451422,1
1.6646476757933821,-0.184816391090178,1
-0.8387010481526943,-0.9119678627462872,1
1.6651469762715374,-0.29977621456061665,1
1.5614376205123859,1.238504091906743,1
-0.0418755696069499,1.5536508448546347,1
0.7988501726831002,0.42040299181973223,1
-0.47805755458461885,1.3648574693148343,1
0.6556705855104856,1.5351916025455714,1
1.2000688704153597,0.5762666830657529,1
1.0153748905262863,-0.9447224416420127,1
0.3466689187518415,1.1944253405758938,1
0.6969334478612572,-1.7777274939596186,1
0.3291702012006617,-1.266888767573331,1
-0.2223878920790891,-1.6185719129327196,1
0.211889968761254,1.163087591171089,1
1.1035052529672562,-0.30463902392180536,1
1.697009942809548,0.855848672609168,1
-1.181457190595662,1.0436554033054188,1
-0.2576778176721984,0.014204543066228625,1
-0.1196547310690376,1.8933059473655902,1
-1.9588270678099151,-0.005674399100750017,0
-1.03852384526749,1.6455589735841167,1
-0.5394810328973239,0.3940655828833545,1
-0.6939751679397675,-1.302101077513809,1
-1.3987552221851958,0.6802960636794764,1
0.947706614749119,-0.43746324837794365,1
-1.3504706314335795,0.765449061070909,1
0.2657653218535853,-1.8135770912991986,1
1.4221187708844911,-1.3185226342356604,1
1.7720110044842958,0.7047635034128018,1
-0.9826960618552903,1.6384040098105344,1
0.9120610607825355,1.267530451196666,1
-0.47189025618496233,1.5982870564870268,1
0.5664489499106748,-0.6891119730777444,1
-0.3043312783179426,0.8463126542475917,1
-0.8596848898287167,1.2306902804344078,1
-1.7241020389450368,0.32881275680000416,1
0.2910930889961617,1.6615311717479992,1
0.9027359453881721,0.158489562632427,1
0.5567456543069137,1.1677306663120233,1
-1.3266306537479304,-1.4168338126467817,0
0.8070747146957837,-0.028304188497834525,1
-1.2684853853578713,-1.3354383690387903,0
0.9698621109277821,1.0429860041589305,1
0.7095234807290891,-1.1006594772458107,1
-1.4398316921918837,1.1352971772975669,1
-0.010495764648020673,0.9451772429177695,1
-0.31051380951906427,-0.5228973594804692,1
-1.5382896649810462,-0.17772722093744608,0
0.6266079534285611,-1.506522653901943,1
-0.5774991864744308,-1.0840440480572422,1
-1.1712976624010958,0.7331804466231325,1
1.0310328591972857,0.041819349525697255,1
-1.5880834356453848,1.0359867797291726,1
0.002523176891319473,-1.397620752395875,1
1.4464771438984434,0.9219557109409273,1
0.5388914972502424,-1.3743192179873784,1
-0.9652355730523067,0.45584784370829123,1
0.27028153959257545,-0.2214335668409522,1
0.047346729632406714,1.1585355815350553,1
-1.1783630127395845,-0.7721707353606616,0
-0.14712672100538082,0.7236937237796046,1
-0.5651471189992007,-1.2641878481175435,1
-1.7167340502467852,0.1852516231386696,0
1.761679039147126,0.7796960921872067,1
0.3518521707729452,0.3136400910657091,1
0.7393445378881821,0.05803193552262382,1
0.5738140942068941,-0.8404393440615116,1
1.692065461260594,1.0226443410874013,1
0.40193552386854026,-1.3610252026211804,1
0.7084235359830774,0.5634996301249316,1
0.38203120136759067,-1.280015575214736,1
-0.9211852180630622,-0.3612799553477206,1
-0.8349182559609246,-0.9682404717174175,1
1.2419538112029345,1.551391509505479,1
-1.6034935273706408,0.15770509798362645,1
-0.39174981461952935,0.08808480091601557,1
1.8306966404164875,0.6492227958974667,1
-0.09953940023796257,1.0230079272060602,1
1.1541556449229076,1.0995265395576188,1
-1.1657779799498222,-0.5504200114288074,1
0.2626685941274684,1.1931527786866634,1
0.20391790997980982,-1.0230996448410261,1
0.7814639376301453,-1.3187452903034307,1
0.035454370863107015,1.8225322606930905,1
0.2265626373253543,-0.23360619688900996,1
0.4630012438730437,1.6859100580808388,1
-1.2860197653367824,1.1848684439622428,1
0.08726998492950745,-0.15002758611822553,1
-1.1822502600840936,-0.8281182584695926,0
-0.28513321071487296,0.9531325046755408,1
1.9268764823172562,-0.4122668654282368,1
-0.37953148955613036,1.8579315942817625,1
0.10160024448929653,1.0446226490806696,1
0.5127925212193418,1.855733477643262,1
-1.3074781994769102,1.0585359826330734,1
-1.00587608222114,0.7055620049023262,1
-0.09035784628907842,0.4500643424101915,1
0.28910566516573816,-0.23979956926416438,1
-0.37383320451856283,0.7944732572974957,1
-0.4927416355294701,1.6566336354915245,1
-0.4693345010339563,-0.8506589823440942,1
-0.5329615596565832,0.007561706320292826,1
0.1846742151380459,0.3224803885522577,1
0.6403396880719164,0.8237508187970368,1
-0.8924343454130834,1.1875603369090344,1
-1.2574809748119833,0.15877058114932557,1
1.5372173893056822,1.0386960744942513,1
-1.1449193414008927,-0.30976587635648056,1
-0.7935016402514832,-0.0613027869648261,1
0.3384645016905019,1.5426231450807837,1
0.3500804348008526,0.8916043806860864,1
1.3176264596334788,1.4406176711440786,1
-0.5854484826965454,1.349835900373021,1
0.558634872755085,-1.734388697340986,1
-0.3185819554371654,0.6686683789448306,1
-1.6044221238648104,-0.4631147799019961,0
1.496060614417622,-0.20608059027982417,1
1.2685253948115294,0.2812179633107805,1
0.7054024712546556,0.5497751806250322,1
1.6812478269899367,0.6572544157147502,1
1.1758290255889046,1.316098618916118,1
-0.7345903467945876,0.2246341092279374,1
1.6412660734608286,-0.18399249225002287,1
0.8861937975262794,0.276196347743148,1
-1.3122914797953251,1.3772884110224746,1
-1.2819041383727574,-0.3348986666403961,1
0.7012665754363088,0.5690918117437412,1
-0.9327552113203917,1.464872913482859,1
-0.6500402776153418,0.21381494893072378,1
0.5132009367573285,0.99054150900939,1
-1.579330938651966,-1.164739751411998,0
0.5279874249724995,1.2428310099597961,1
1.6528145455664496,0.9660955517905293,1
-0.7069867530937335,-0.26420180970636803,1
-1.2235385610490328,-0.81240052803092,0
1.7677063541033977,-0.12737331505273397,1
-0.9512801905441269,-0.7891808925199241,1
0.8026567336885969,-0.07901760491616475,1
0.0019521327657931748,0.8640525372975729,1
-1.8053849893899363,0.7602340414337473,1
0.1789708558223166,0.1417939445435777,1
-0.36272576531539846,1.152254741858428,1
-0.11642384661376814,1.8979342403243968,1
0.552584490601627,1.612531402916235,1
-0.4628666697560157,0.8406429026102006,1
-1.595005427767105,-0.7720348000853356,0
-1.438222103099756,-0.4466495528414362,0
0.26163570161120825,-1.5472590463421962,1
0.5265628543589733,0.08657678504008814,1
-0.3105695693388381,-1.0766197496840753,1
0.28735832444153636,1.6276925349348053,1
0.18061019329463865,-0.8430408186665033,1
0.7330543987544677,1.5249282883126674,1
-0.22282690325779406,-0.9827878796422614,1
-0.6011578871935317,-1.4650245235643107,1
0.3982504562360018,1.4902281848701502,1
0.047450446581885575,-0.012598051093557959,1
-0.34710051633152933,0.16585127664166296,1
-0.12039122586127585,1.2819195482978072,1
-1.3916686890098906,-0.8392328612565864,0
-0.8470455629684424,-1.7941054854360332,0
-1.6285763029143854,0.9665722134048643,1
0.594240022857986,-0.264655117377442,1
-0.5109509312064524,0.577905499804273,1
1.3585457038957205,0.042672497379776665,1
1.3996931431447568,0.947862242096361,1
-0.80402434607477,-0.4810577941743961,1
0.9278549460163443,-0.9975789381606014,1
0.04780406834532886,0.8115123819800005,1
-1.9396226740766584,0.25476121343070585,0
-0.2427669432968223,1.5015637585924055,1
-1.6599111022792876,0.48427262456930126,1
0.8272345804630258,1.1303511739294538,1
-0.6192734105055463,0.7612754138207701,1
-0.21327853806692015,1.1621034581735872,1
0.085555889368427,-1.476570292600344,1
-0.6248476939766343,-0.24309784485979136,1
0.1206489594954858,-1.805647591346635,1
-1.0825213568538512,0.013025156390025978,1
-1.0547263103435705,-0.1645323404592305,1
0.4670763682265269,1.5685734466079704,1
0.22362889591430124,0.27776108345001116,1
-0.06725916899958707,-0.19255335460332942,1
0.5458851394422315,-0.2177149712506391,1
0.14345319808272708,1.0091879695664048,1
-1.6192179789959606,0.5518450092977809,1
1.8095408052121578,-0.5952675156953009,1
0.7380329884065147,0.14213193453961495,1
0.6657912799233804,-0.529934473050816,1
-1.46341342952126,-0.7514092568817852,0
0.31777692908729943,-1.311940163898106,1
1.0049906190935962,1.2283031342742063,1
0.8877537078814519,0.5976647752725742,1
-1.8108469463824894,-0.047270400178719814,0
-0.7522047055416089,-1.6048746616140586,0
0.666109060899547,-1.4682782215704546,1
-1.4060016147458532,-0.07822077093493272,1
-0.5741813115881352,1.332242369186419,1
-0.7644204139927757,-1.3523370768450829,0
-0.9216695111190236,0.6078761708029555,1
-0.7791940985751151,-0.7056444586343522,1
0.5067485021414768,-1.5933180392890094,1
-0.2294685359997015,1.7801904962480668,1
1.7918236241462673,-0.6730384190987757,1
0.6043812236931435,0.7422875393033915,1
-1.006989721242057,-0.7158247282006986,1
-0.2949290026019469,-1.5657523667800184,1
1.5951677875784538,-0.9634941789627569,1
-1.0792434298011706,0.9041819685596348,1
-0.7041646696380419,-1.5953818111700762,0
-0.09000147110642569,0.7645172951773808,1
-0.008114523578686158,0.9864457948389531,1
-1.3981682884349431,-0.06715452910370359,1
-0.7127561214389412,0.4278394026409611,1
-1.9332427558777856,0.08312248546438838,0
0.10186875993454707,-0.6487119484432358,1
-1.2585770342221236,-0.04465877655917337,1
1.4999065422496625,0.9765946641271219,1
-0.6714135136356242,-1.861978153217545,0
-1.0394048011753079,0.36723491908322636,1
-1.2260215893630402,-0.4202785886981288,1
-0.7136504926132836,-1.6424474439575452,0
0.517573741093646,0.17262721451806898,1
0.7660298242042827,-1.7179652858172372,1
-0.9954207880466334,-0.7189511863280371,1
1.052782628505848,-1.5217418958135203,1
-0.0003698509297925766,-0.7538931477458486,1
-1.2402689902035502,0.30570248378805753,1
1.1391862836180153,0.1711617986455599,1
1.1938342027921836,0.74152885909281,1
-0.3620154546678304,0.03992624970223127,1
-1.9100100066796408,-0.012924306548271737,0
0.7586542517075249,1.5539872317557695,1
0.6944580043476637,-0.7440386668575709,1
-1.116660018933216,0.2017129540645542,1
-1.3362552110102006,-1.226264598687759,0
-1.1156067274406931,-0.2957270884292408,1
0.9695781221340983,0.7844635946898385,1
-0.04172153258299051,0.6854998703940266,1
-0.4573399057146183,-1.513709743160423,1
-0.26218196097185825,0.7448674184256979,1
1.1887465589835307,0.11056533169433393,1
1.9089961412385708,-0.20899785844320326,1
-0.7423906599987593,0.5724061450223715,1
-1.27239349082381,-0.5021057761828186,0
0.751910761944584,-1.3031158696279226,1
-0.29037222197034207,-0.5639213165850413,1
-1.6535407059481821,1.0072397284676333,1
-0.7507897366728499,0.6669788870612703,1
0.7442360281574709,-0.811033019703338,1
0.5493229603558524,0.9935286852175512,1
1.3471147720797665,-0.19899908284505713,1
-0.06686494360337614,-1.8121925067172115,1
0.8141830969411414,-1.0603303627755367,1
-0.11276194065835782,-1.7262531466005524,1
-0.30887514994019977,1.194517920730143,1
-0.42759070255804416,1.7825317363828372,1
-1.109470302237857,0.4269602844274483,1
-0.9212375368804998,-1.242957806842349,0
-0.19073608387300256,-0.7750828821887941,1
0.13729961090998563,-0.12513745762482767,1
0.6106906431593266,0.4135955223648816,1
0.304980431891039,0.579828739954035,1
-1.4611020821689522,0.5990105886359797,1
0.9311783491560396,0.7082844713714347,1
-0.1752371743918473,1.9049823004028024,1
0.9846755444889672,-0.4112966462820361,1
0.14271915045536424,1.1902991099684503,1
1.7977711098064137,0.37229229119997176,1
0.07316067718555219,0.04853075635492105,1
1.2412872002558324,1.0978832529413547,1
0.14312597064225033,-1.495698606235487,1
-0.659210058788194,-0.10885321131070314,1
-1.6544271031119533,0.9792674466018636,1
0.1459784929426554,-1.8433569511446932,1
1.8737489961241691,-0.5276496222688396,1
-1.0576473141707539,-0.7872361991239953,1
0.8014570616213966,0.3392743492017428,1
-0.3980679088171187,-1.7478186573887515,1
-0.7747671195343127,0.6205866085303849,1
-0.643189896319971,-1.2542724686910778,1
0.00351000632477347,-1.3830608922801138,1
0.6730136283013155,-0.47089006192646876,1
-0.2811505411543622,0.6976409458883172,1
-0.5189051012617865,0.4931723742714621,1
-0.5588843453693014,-0.11733767546160466,1
1.3503774827025965,-1.4362808830438325,1
-0.09222123375178169,0.7978444306739415,1
1.0964037033164822,0.10679256531660947,1
-1.8049790309838503,0.21651401238450613,0
0.5922268310449454,-0.14284663169725645,1
0.6805847045444002,-1.608168360281942,1
-1.1732089736855276,1.111939414606354,1
1.029213420997973,-0.22742476792107075,1
0.1990066853314173,1.3930818680632024,1
-1.8906544094923816,-0.2329569027746238,0
-0.467581733117922,0.558909184089525,1
-1.213543299619726,0.22458093878509192,1
-0.2499866729202912,0.1254920954896735,1
-1.1557546428352627,0.17341201008473087,1
-0.9725301344374728,1.7199857683837598,1
-0.8909791312898138,-0.6637304397183629,1
1.0477176192340005,-0.5724177316577373,1
0.03809105431389474,1.0978182087011763,1
-1.4626478925361879,0.5554916727496041,1
-1.5539676029499674,0.9070527749990852,1
-0.41632927694774857,-1.4117204908813086,1
1.79841935487579,-0.3076402165100927,1
1.083366489026704,1.3417794066911655,1
-0.29528568585100995,-1.310105038395317,1
-1.1961003212393049,-0.5819386721271748,0
0.10217648290163676,-0.7245829050396899,1
-0.018625311415839372,0.0988973584820607,1
0.9834271697081035,-0.4415762763328439,1
0.46060882984079615,-1.16039983121568,1
0.7504500531267725,-0.8504718714286054,1
-0.5467291776630666,0.3678351345436673,1
0.392420216376192,-1.749574888134726,1
0.5924511423023897,-1.4958461778741194,1
0.08655247289206729,-1.4150923735411407,1
-0.9243738656816902,1.7294900000078786,1
1.131546014248633,0.11004775109986349,1
-0.28479782712572566,-1.2084299470333806,1
-1.2590798578331202,-1.3021598403304497,0
-0.8521329065663462,-0.2839104336477946,1
-1.5177375842054797,-1.196561377617806,0
-0.36898871832065006,0.18740320564600502,1
0.7107046868458287,0.5127613781164939,1
-0.7879101457642338,0.504520805469531,1
-1.9214016565609107,0.4494649318135682,0
-1.311654179650491,0.744812964197375,1
-0.5924574986789235,-1.302878113059944,1
-0.5831391546423945,1.266588914403716,1
0.022857129334716553,-0.8663741866280733,1
-0.5984911506519632,-0.18702331868880298,1
-1.5124883034919927,0.7666172654640573,1
-0.15684446057570858,0.23612012895317042,1
0.7908762515583103,0.32670540151256894,1
0.34100339201096724,-1.362421327206866,1
0.8436941230885185,0.7295984600745571,1
-1.0941351666806247,1.4752587335918133,1
0.8045810927851402,-1.0367577089514952,1
0.2928333551888156,-0.6242964391624897,1
0.7499085298052114,-1.1363845045248118,1
0.16094595323927158,-0.16836989384954315,1
-0.8304979447778416,0.836464392061007,1
0.3456410906285891,1.7937241891416165,1
0.8343187058740055,-0.2113670153731654,1
-1.3633782450609238,0.46773056456189116,1
-0.8215972560638545,1.4205051704473448,1
1.602853220312238,-0.1731504168034644,1
-1.087238314906576,0.9617074695540965,1
0.08192177659711455,1.7763177241707564,1
0.11735629623748997,0.4439122719278165,1
0.42045258124234186,0.14689587761651185,1
1.0126102991817671,-1.6682744946514034,1
-1.2504718997016966,-0.9663880237524597,0
-0.8006653835055747,-0.16578326115412856,1
0.2672127894172004,1.8177686824632808,1
-1.0736596933193554,-1.5492336311973776,0
0.32448235026035116,1.3490685213764404,1
0.0677422853488589,-1.6811666052593928,1
-1.0486339498288366,0.8237856540188504,1
0.7203066181334261,-1.0484145841214463,1
1.4839776983559492,-1.0209173597014227,1
0.325966677474782,1.0652698477961473,1
-1.6861827897505912,-1.0216847530589646,0
0.6234125097295609,-1.6296776504526282,1
-0.8033927776726212,-1.5582643176093998,0
1.1970858298868796,0.4838408847352335,1
-0.6838489843038388,1.6684779895647648,1
-1.471673245727844,-0.0725565983545059,1
-1.8308843629037443,0.6593298070384778,1
-0.9970333421098821,0.8909319065927217,1
0.8841002429846623,-1.3697582426599155,1
-1.2120269718869205,1.1439274708637268,1
0.6306051273848586,1.048515007199971,1
0.31081241484295613,1.0714782301325392,1
0.8517696078653568,-0.10801845020069725,1
0.44518916832009064,-1.3872520779854276,1
-0.9176056002180668,0.39241658703340626,1
-0.8808492523094561,-0.5874914827053724,1
-0.652956251943239,-1.0950278473140462,1
-1.7869486093466809,-0.1717644760138784,0
-0.07564175905170636,-0.05959947486867908,1
-0.4230439038164832,0.12193023379309399,1
0.5519963781905882,0.4691704550868061,1
-1.5644815614869725,-0.012907212839612445,0
-0.868070181166452,-1.7056467003904254,0
0.30643614275482955,0.3519310816099815,1
-1.7868164487756144,0.7722671709671445,1
-0.8377778150561005,-0.813794552130368,1
-0.3406459848209942,0.9976848834138672,1
-0.9850738843593867,1.3435825027404815,1
1.4716262479539028,-0.04581295513311534,1
0.8250749182640955,-0.08663625874340435,1
0.46063686998389386,-0.8302475525874459,1
1.7585987126350642,-0.9681307471552443,1
1.3737443490463157,-0.6293920670964888,1
0.6888361014402098,0.9583776233918908,1
-0.0957882019344214,-1.5816827658499673,1
-0.339125489883905,1.8910957023475696,1
0.4770573899931832,-0.02004206741554539,1
0.3501765168993565,0.7778733316733087,1
0.1759380849684252,-1.7025641046747833,1
0.7900205189680949,1.635539898558288,1
-1.0063544528505635,0.24139577162533463,1
-0.8489143237326654,0.3402088080277591,1
1.1655872861290035,1.3871359491463375,1
1.150252488903378,-1.5254357080033598,1
1.1260409307934136,0.22876068827072382,1
1.0558372385932824,-1.2690925774794433,1
0.4766669007865612,-1.159839117716535,1
0.2796975388532606,-1.8716005550021688,1
-0.7056520884229264,0.9143973159871243,1
0.1802883045122822,0.9290286216811927,1
-1.2231677633771685,-1.221463333847355,0
-0.7546157344629313,1.434376161977226,1
0.7328069695152831,0.8327295414871626,1
0.20796295521962815,-1.1724919906984632,1
1.7361126109495073,0.9670629737855185,1
0.07132550029693384,1.7064242809668086,1
0.4913564249427228,-0.8032106488211836,1
-1.2934641621490037,0.8251824271960478,1
-1.5152769534309616,-0.44612332906485436,0
0.9679661127028327,-0.6801834702167323,1
0.22147434143581696,0.7787775514844089,1
-1.6424136617834086,0.9812611913588439,1
1.9767347565259172,0.271165974788054,1
1.1008277326993667,-0.8236334045826671,1
0.8102524855283401,0.9150136781010463,1
-1.056654332335622,0.029432711167438955,1
-0.3758193231901564,-0.49791593147103275,1
0.2725824352029566,0.6311015982137239,1
1.4704664971330388,-0.45136949716950114,1
-0.9547154581304393,-0.8473153050436436,1
0.617939103140337,0.17598763802268522,1
-0.33388518039838777,-0.8835886752857726,1
-0.01431899899327184,0.559610812255953,1
-0.022330381067997895,0.839107233660267,1
1.8971334093206265,-0.5550925537203469,1
-0.8294837229584976,-1.597270189676456,0
0.7834321021589917,0.9826371552963147,1
-1.092495148159303,-0.1774539233128911,1
0.3319413117036033,1.4553196431614028,1
1.4402503128286293,-0.04103110959401823,1
0.47952114590445544,1.1628459418298542,1
-1.6537250519861966,-0.206268814164651,0
-1.0031258627767752,-1.5971642370289612,0
0.07342795965890615,0.9959230772942907,1
0.9277194861441612,0.7344555376665419,1
-1.059600818994146,1.365717236615117,1
-1.0127009178961874,-1.4121281551071778,0
-0.9738621884596889,0.6199819897581009,1
0.2647869823768913,-0.44306854899459097,1
-0.5047608458691195,0.5331589982356275,1
-0.7526180269354243,0.22405492149682082,1
1.6176489676520558,0.7745471627844119,1
-0.5792926510493267,-1.6863263592260398,0
0.42279100146604515,-1.131089317811567,1
1.3272822698613318,1.379918520770764,1
-0.5839434407014568,-0.0598311228552632,1
-0.04890660211560369,-1.6487319675974539,1
0.6786747753568356,0.19875997898450087,1
-0.13201025146374598,1.7221522446266682,1
-0.3007059753587996,-1.6174191259912023,1
1.7395634126075996,-0.11484948116600192,1
-0.47892609903003497,-0.12036496533507164,1
-1.177490221412481,1.039023566673826,1
-0.9808081897232711,1.3424962173960726,1
-0.14262949925199236,-1.6952734909823655,1
1.4772308086489019,-1.1668922353525024,1
0.8144814846833536,-0.6073166019700168,1
-1.0259171667544287,-0.4837856557394941,1
0.17469018184949472,0.7647246948688691,1
-0.6171198408422001,1.3443466133110198,1
-1.8800706414535242,0.593637202641241,1
-0.053689970440337416,-1.9643209127901906,1
1.9192753746785516,-0.4824061836561882,1
-1.9153189888032471,-0.37330692144995087,0
-0.7909622875641905,-0.4872696236466185,1
-1.1587304420664994,-1.5409729342365595,0
-0.9613539515528651,1.6018941199493415,1
-0.5963136501412819,1.5307422495301806,1
-0.7403928820046212,0.36611158747720185,1
1.934167191568829,-0.07950141214035768,1
-0.19517940601934283,0.8430081532881201,1
-0.503427040761422,-1.2756164927480076,1
1.4272572475457472,-0.28802202371840496,1
-1.8240474834652027,0.17052854887396787,0
1.7459606942397392,-0.6435137535904336,1
0.01680630819612264,-0.330741163470437,1
0.48155737136904686,-0.830247596944093,1
1.8988296494814978,-0.08683422128643277,1
-0.9034384358438227,1.693362226569531,1
0.16778994240014403,-1.6426927748770594,1
0.8119081590282946,-0.26626350095039397,1
-1.4756370935706717,0.35217554680870455,1
-0.6036479964696381,1.3126559047313873,1
-0.7370523061334748,-1.1171648524750435,1
-1.6961509335393303,0.7477795188684803,1
0.9425485147766263,1.4455990362414262,1
-0.6820202155798878,-0.4775045332372828,1
-1.0743766242472748,-0.2886112622801255,1
0.6049370918659941,1.225414492273811,1
0.6743290873948441,-0.10572084120912299,1
0.1838317555324827,-0.4283852263620085,1
-1.79168121673261,-0.2895895647705681,0
-0.562291226802069,-1.1346563085456518,1
-0.29069872305278693,0.8836002113984719,1
0.22141120279985224,-1.2692397620956608,1
-0.16457846717737892,-1.509316629562179,1
1.2961513739761368,1.1877844669569122,1
0.9900678474967313,1.5972034013194183,1
-1.3857911421593256,0.2620423237356122,1
1.1100993152978706,-0.8675999115842253,1
-0.24532235343348383,1.447736043202847,1
0.10559248221994152,-0.8548051892605341,1
-0.13587655916652758,-0.25870491395629,1
0.8064201431048689,-1.2700147835748332,1
0.8972855500501161,1.487616881984556,1
1.4254510479825622,-1.0387581091393956,1
0.5870587482585143,1.8493127144298058,1
-1.3245934055123634,0.6598301629155165,1
-1.1994278743965932,1.0318711792318072,1
0.26099308549184513,1.7290133199940059,1
-1.7860405245514244,0.3323678616044364,0
-1.8018300606013156,0.7215667825196193,1
0.7501195367313542,1.6727527853763509,1
1.1766408152697403,0.23974443966034706,1
-0.9876093866700318,0.8415780431722578,1
1.4363086618007126,-0.2248091420392496,1
1.246776924579528,0.46810209059603836,1
0.05832795292515696,-1.5539418738063542,1
-1.8150842791366866,-0.8023968591919328,0
1.4779346674906175,-0.2540948239894477,1
1.8148744709219795,0.12004919545867739,1
0.18103191487177964,-1.076524233615734,1
-0.798223669753849,-1.0060033946859024,1
1.7492915848268331,-0.6345786926294238,1
-0.18599191367997492,-0.879320474899974,1
-0.8568544431399293,0.47230070241143657,1
1.534025864172008,-0.5260900100136308,1
1.8216904637410773,-0.69255904601587,1
-1.5931893184723334,0.2744370210714151,1
0.4001446096106513,1.7965061853729851,1
-1.1038664056578382,-0.02366385047156358,1
1.01808889118812,-0.08294833359235923,1
0.7701897177030149,-0.9711084005949844,1
0.04086274865939947,0.5025346119803916,1
-0.14314694278319698,-0.805704313115571,1
0.7001691508250101,-1.4847511865953735,1
0.23120186480001287,-1.2958982215692298,1
0.5874758497973804,1.5744739647140902,1
0.5164971848603418,0.702975410866137,1
-1.6154758831326173,0.29951652506080867,1
-1.4678096643384573,-1.0739228109481749,0
0.0779802054031104,1.1861190307070038,1
-0.7422507408506396,0.22676713269067095,1
-0.910511589321492,1.487330361831965,1
-1.3363180236161911,-0.9411084173736003,0
-0.7006847098455218,1.328875859364932,1
-1.566397676203617,-0.06879169448260679,0
-1.1495637462186539,0.7127780718773605,1
0.9423348475699622,-0.2080646328667119,1
0.48583775381937067,1.0283903222116293,1
0.6810741415794129,-0.43648761734386105,1
0.14145106926622172,0.07251945195146445,1
-0.7800011111122198,-1.8066665017482857,0
0.8801724721276492,-0.7994995731651575,1
-1.2661098637993053,1.2518997387680424,1
1.6324018967752274,0.263943399605357,1
0.2456383333229493,1.171797950789949,1
1.1675130741047524,-1.1925223667658222,1
-0.5770264281680737,-1.2042425486883224,1
-1.3875570124046501,0.34877296064786123,1
-0.9260336187391801,1.3134276888120586,1
1.2610385179895753,0.9357698828065542,1
0.9638095271836326,0.21490443685486665,1
0.5547162079235471,1.3529764262186401,1
0.9341137874626325,0.7859352062178115,1
1.1436995217927053,1.1505900936304239,1
1.6165569143167025,-0.4635697859782158,1
0.3216089809730139,1.8665291565922897,1
-1.0810809700851505,-1.3385867837822945,0
-1.0769513042994165,1.557318111457389,1
-0.005386499324790172,-0.605553729700246,1
-0.2266331472480284,0.899021587022934,1
1.6978749495921108,0.7798686064192042,1
0.34735006341095187,1.7406500341550506,1
1.2496600515942176,-1.5337819031318896,1
-0.3399436280184023,-1.5965733865766014,1
1.7284005815282102,0.2953904374400481,1
-0.6959881257853678,0.9612383468126287,1
-0.6662422506141051,0.16620975276032893,1
-0.25173533132929243,-0.8085837085151628,1
0.012224727768421312,1.128937330037679,1
1.2529841958380146,-0.667638273097134,1
-1.6075338008957207,0.39871197217335147,1
0.1998251336770768,-1.2739410399701674,1
-0.6621973136944842,-1.308781699947358,1
0.7989779492565348,-0.10147534533182019,1
0.4339913014140756,1.4100269223447568,1
0.4022062251624857,0.5362807394883702,1
1.3499982836185107,0.7642878029173189,1
-0.4329791552323964,0.07775695732937617,1
1.2830506446500163,0.01182217608141778,1
0.26252313561413954,-1.0797619486443486,1
-1.2809409753828005,-1.3868241677888649,0
0.14408606901701523,0.3598253964382427,1
-0.7041761283219349,-0.2870199467551154,1
0.3593966042718853,0.26024807954570217,1
1.0088843757075712,-0.001678871964363163,1
-1.1335042718923005,1.6141846245408429,1
1.286422218872501,-0.34600987003479267,1
1.1500052994237369,0.31261696984772025,1
1.3486353435110046,0.24566058149021566,1
1.3000020868650062,-0.4831638547755762,1
0.17177975254292094,-0.8270154454453845,1
-1.229438886324097,-1.4274220988719775,0
0.9063244434897159,1.0212572835872507,1
0.6910615403835341,-0.5575084332119932,1
0.9001357509822298,0.7763380660978084,1
-0.7558310632011986,0.861831800674923,1
0.8108873948567737,1.4188431882820038,1
-0.15735677879888887,1.3901403885582986,1
1.5943447560317445,0.26019762913383354,1
-0.11316629036043385,1.5576451423962938,1
0.6923612555962363,-0.4313233665913467,1
1.7252610714141652,-0.6340795190084619,1
1.059031647054442,0.45438000474826945,1
-1.6664729774381992,0.8753083838850615,1
-0.04998766833578336,-0.42304821357230954,1
0.7315368169024713,-0.9456473623261261,1
0.28289333593932087,0.5118909009611066,1
0.7482716356239373,1.5431690341656696,1
0.16862362059244587,-0.2040200521950146,1
1.7110121949599135,-0.9611228858965142,1
0.9319112271840432,0.18000104355158023,1
-0.011453862989822037,-1.11423127625623,1
-0.7500443166132765,-1.8505600243090632,0
0.3439214374470091,0.6098409950477315,1
-1.2470603275969228,1.2517954717411053,1
-0.6483166145009086,1.2011261976538332,1
-0.43205640735054407,-0.1002739606790328,1
-1.8160826667038672,-0.6010702067520434,0
4.635122294283416e-05,-0.5106443986281857,1
0.4953615527600903,1.0623916281912666,1
0.2814048516243479,-0.6551567158658839,1
-1.6560876766049015,0.8335640733537093,1
0.2698548739847013,1.8634294647228191,1
0.20707432376256524,-1.4922415614276816,1
1.2270044809432488,1.1910592082835447,1
-0.383836911318507,0.15503665565679786,1
0.9596753468514225,0.8257577768450565,1
-1.156238692321642,-1.5239715816995683,0
0.05460268148974179,0.3472925420417012,1
0.7172986998353725,-1.8002482143198726,1
-0.6673346809681424,1.8548448270977875,1
-1.6208434992373912,-0.6137648583134128,0
0.889212418846303,1.412698631045712,1
-1.6322419625182096,1.0004392677064544,1
0.8096020678948123,-1.629552220232426,1
-1.7021980019639324,0.6795001550592991,1
0.57200893351554,1.3191938201804907,1
0.5161663619184031,-0.03728243849542234,1
0.6218090787501726,-0.16476570190972692,1
-1.3414018776700338,0.42206921213394044,1
1.4431887188609678,1.0872130947787675,1
1.0312158150628086,-0.3920168045757269,1
0.9728076391365283,-0.5865083322747309,1
-1.1574895611490277,1.1203389362002305,1
0.015277983688860665,-0.4218920194216791,1
-0.6366743878268606,-0.4690691977604179,1
0.9293870870980012,-0.2782976967331481,1
-0.8611332276025625,-0.3544205175254057,1
0.03162451519166462,0.1392451351942552,1
0.2022136555448933,-0.502155494464992,1
1.5633564159108706,0.0820248814979109,1
-0.15694322888069112,-1.430895354196512,1
0.5121466661385686,0.40379772934965624,1
-0.6758735297972517,1.0712534306432324,1
-1.4727746705302813,0.9514682623220867,1
1.6953486563738525,0.4436953873820632,1
0.05305917898683661,0.5375356557039278,1
1.4393229779704961,-0.8400675410155508,1
0.6753043101340555,-1.0149083108660466,1
1.0847705818155127,-0.037861939738374525,1
-1.0437580256189924,0.10404838217612207,1
0.9918913420709163,-1.286249186941889,1
0.6096108083762869,-1.1377388378805389,1
1.416987459783242,-0.14185601461804803,1
0.3554956689059947,-0.06709423265127097,1
-0.3719673271038184,-1.0303622194207294,1
0.9315204648778515,-1.7548294361519097,1
0.047571880949976705,-1.990779623099574,1
1.774452797890459,-0.023026258010664397,1
-0.4407756353287308,-0.11002223907050597,1
-0.24942093339521842,0.5940508478346088,1
0.9724228954494235,0.27972941486503383,1
1.4556216577359147,-0.899637808978202,1
-0.8077286956774836,-1.2245247270932094,0
1.3091222470082964,-0.6062523663393803,1
0.5060927497310315,1.3918286658284689,1
-1.7935977760279445,-0.4630963214313908,0
1.265207028747272,1.267564917493707,1
-1.4658223389876888,-1.2804076373882876,0
0.11476874640554595,-0.722542985858789,1
-0.41433640083335893,0.8064603891374681,1
-0.22499034243705152,-0.3955374984690905,1
-1.8831451549464833,0.3700655832928146,0
1.3538087063914899,-0.311626179575187,1
-0.4469434555055029,-0.7594306322605637,1
-0.09956554422379166,-0.4336955472416802,1
-1.5971716095555744,-1.0819606139233924,0
-0.13706165088365999,0.005129422004414819,1
0.7788181474315905,0.23199633293240526,1
1.472238380361964,-1.2510995168407255,1
0.8107659084389192,0.1196801494141237,1
-0.3449847388137398,0.699459200972174,1
0.4986395349423278,-1.139015237531005,1
-0.287028206924176,0.247823788850781,1
-1.5517963727288269,-1.1308884381849977,0
0.21731570583218984,1.1733788849100946,1
0.28330512747678976,1.5510541114794625,1
-0.6241705592608917,-1.8784501258772814,0
-0.80024607024127,-1.2350593227424367,0
-0.3508720188251904,0.9448945332340616,1
-1.2628157751576348,-1.2760890042554263,0
-0.5954740586271724,-1.8846948448566598,0
-0.6088871211186438,0.4869079449600328,1
-0.5531174131375232,-1.868706583908456,0
-1.4752705413574467,1.063705451182555,1
-1.8082795414835744,0.024205779139426602,0
0.08183933491082244,-0.92102917334956,1
-0.3785375080932264,1.7723935195004583,1
-0.8268943745787796,0.4398061220310871,1
-0.272348450621169,-0.5767844418656976,1
0.7727377615764216,-0.218003433482288,1
-1.069253567557736,1.6513985289463597,1
-0.0768054358628183,0.30347107919487376,1
-0.966759777229777,1.0312713456789973,1
-1.4098065907306925,0.23528756570846598,1
0.7641673612392297,0.007590758662917652,1
1.4637540382081362,-0.23736680391336978,1
1.19784341884701,-0.11699641070898684,1
0.6087728622701348,-1.6557055313946534,1
0.15548588754381437,1.5649130607185584,1
0.3890480470534809,1.8343575671900056,1
-0.7000726114069341,0.6801197369648687,1
0.2942997812020533,0.7074929098586377,1
-0.13455293724663156,0.38372438629586286,1
0.35590269065263963,-1.6783279640761897,1
0.27912916506489566,0.4662153994812596,1
-0.7838166357287004,1.234372142103417,1
0.11296490338402436,-1.8298400696393131,1
1.381815488474912,-1.2334309748506922,1
0.6501047617098947,-0.26374498956351156,1
0.33932463457013384,-1.179645706801779,1
-1.065418663702781,1.311005788312184,1
-0.4438368391007346,1.1268662514741796,1
-0.8288369921674559,0.4493722786822006,1
0.9755616826749022,0.9614346545766983,1
-0.15133643324675605,-0.77828331232662,1
0.16044185310083608,-1.4417640588402627,1
0.5554220506488992,-0.007368825870528818,1
0.8861520953834099,1.3047739248282273,1
0.6740312639383121,-0.9063847315385082,1
-1.5312027915138966,0.38067771787091226,1
0.6290249879917865,0.8160093771354865,1
-0.06455782262849145,1.638102892314803,1
0.34625874433701664,0.8648811101334222,1
-0.6482725891900527,0.8720611280235179,1
0.3646670850475027,-1.857045611526365,1
-0.5868518608033231,1.076257082380284,1
0.4409532802622363,0.6398620236191344,1
-1.8905984357360714,0.16231201995325306,0
-0.9515501545591822,1.4481537570936769,1
-1.1765227878467965,-0.5884613312004217,1
-0.5798805044398315,-1.2501239347421966,1
-0.5009755628778669,-0.23248329781142515,1
0.007411986370656547,-1.7202384303936287,1
-0.31407556168887074,1.761169826909105,1
-1.1411298179963565,-0.20875895666313882,1
-0.728566464137316,0.6530346465145644,1
0.29043995708166315,-1.7885756418575849,1
-0.8960830266906684,0.5207487028803892,1
-1.6713386230442613,-0.5206823364615226,0
1.6254139459670083,-0.4036917346967443,1
0.2369584287130337,0.29924814866501326,1
-1.857578476566115,-0.5148932011085523,0
-1.7922439276221267,-0.6756416801553233,0
1.2726533774259834,1.2555868494431086,1
1.0984795322468413,0.5743421688934341,1
-0.4980711453383161,1.469961419068119,1
-1.353973529141386,-1.3348777466445707,0
0.5647440731583812,-1.6191755062712903,1
0.5564230363345509,1.551859039496576,1
-1.490017138982667,1.2947074790483348,1
-0.8434903055700901,-0.9698668475205169,1
0.05177240393686303,1.1784787023746548,1
0.43380355743883603,-1.6305970196203596,1
-1.6074438114269411,-0.7329544204235909,0
0.10838850197201692,-1.6872713548750153,1
-1.3848672488196418,-0.992749019910254,0
0.9648192197968112,-0.6133682912680456,1
-1.2905259770269244,-0.13787010989098566,1
-0.23349696071617232,0.3647610194395626,1
-1.3575534013750008,-1.26716831239283,0
1.4617869814502789,-0.9671136274618188,1
-1.3854819507169174,-1.431206735304168,0
-1.5571338101754058,0.8393437415240137,1
-1.520494566123275,-0.40873385864039813,0
0.9360909327426675,0.8784199094071974,1
-0.4712904801452406,-1.6509100920146051,1
-0.708368457336582,-0.6008094913574291,1
1.2230350241380072,-0.31966825748277394,1
1.3416388117950167,0.10688976949967641,1
1.11594413201404,-0.038665141423636445,1
-0.8279308822285425,0.8407487100879004,1
-0.506295936543486,-0.9247402555162458,1
-1.6260899765794188,-0.13630982440375786,0
-0.6307923706736763,-1.6825439015296413,0
-1.854564447288024,-0.5893541041615905,0
-0.17288505112257027,-1.459000471797351,1
-0.013494219900750315,0.8441159398744585,1
-1.62500946897736,0.25899014949767546,1
1.1830903182657426,-1.502270753880017,1
-1.098597906374291,-1.2546086654547144,0
-0.31643043566812346,1.8375107111136528,1
0.04792898910916449,-0.00021573212598109586,1
-1.6582757441924798,-0.4804160435905292,0
0.2674821934118563,-1.4587732604146704,1
0.5876646397170504,-1.0075096602383735,1
0.5959904287770303,1.67765014071741,1
-0.4706639826065369,1.8145375489467277,1
-0.7250032485283631,-1.095427008302753,1
1.2880454917222872,-0.7972078166755101,1
-0.0580203944541858,0.8817941229658078,1
-0.6652215519787331,0.18220079805586678,1
0.5563074373754742,0.5845569733677717,1
1.13813669599675,-1.4452591140296986,1
0.8678818655139215,1.7239775351993838,1
0.38037492425806524,-0.7494275346908956,1
0.041582541269290896,-0.559761265965429,1
-0.5340637717027379,0.2790329196743067,1
-1.682665829587886,0.5784621660703367,1
0.04414798992228039,-1.6066056439986836,1
-0.9582376170076189,-0.9974919567055055,0
-1.633468033470675,-0.9407266710981163,0
-0.9476831923601702,0.32355313259769936,1
-0.5825204944493442,0.9519395444147931,1
-1.1947945505750035,0.09957201430718061,1
-0.7822856701810759,-1.5579680872175017,0
-1.3222071777995688,-0.5397556229942553,0
-0.4674353582653271,1.7729441401478994,1
0.5975268894561487,-0.6956875975450256,1
-0.4412785481839424,-0.4016917345045129,1
1.4102603337697972,-0.44804822817419704,1
0.9310090835829484,-0.554167480965263,1
-1.5696454426326796,0.4792805879319131,1
-1.1410348480389294,-0.2220245634513355,1
1.21166431260024,-0.0973668609092281,1
-0.8642002063401352,1.63086353798348,1
-0.4354389960277344,0.2853257665741763,1
0.7083115730976579,-0.055183687341513334,1
0.9654298707551754,1.6189419071915654,1
0.5266692901563428,-0.9875321598027939,1
-0.25268722040635017,-1.8873445301576255,1
-0.10740784946962403,0.3580740708015775,1
-1.0130488154757156,1.34644622579583,1
-0.6090235514719564,0.5753319307378372,1
0.4563529247419125,0.08784461437874211,1
1.3964043806059259,0.8142675291793201,1
-0.24863016631149604,-1.5291422582750116,1
0.8318704617248828,-0.5363003835189533,1
-0.276383283562621,-0.3923576008571706,1
0.9099977441581925,-1.744373759294232,1
0.3250765618571451,0.033679093729745924,1
-1.183126893281244,0.6475454300259044,1
-1.437876289988295,1.2307287631600552,1
1.5775536756431032,-1.2154298047514993,1
0.9088135653225526,-1.110094119757033,1
-0.01828984346033727,1.3190334927285108,1
-0.739294381517849,-0.5445394530895795,1
0.39125593217966087,1.6237099524408822,1
0.19305537550464624,-0.5054017741701772,1
-0.969452651503486,-1.6196674996930875,0
0.46591467944830556,-1.9192962758368106,1
0.6786302260231973,1.1637558989369912,1
1.645535746030793,0.15798227874310639,1
0.38419706064473674,0.9555363830319761,1
1.2231624059720536,0.7513270804397912,1
0.21868074509477503,-0.6641986717923337,1
-0.4854987369508854,1.638533750523417,1
-1.2984215215930488,-0.3819935522302854,1
0.06075364923745752,-1.6130865140221144,1
-1.4467114853627991,-1.1693556851242441,0
-0.939607101881582,0.6255984001014109,1
-0.29155026978499154,0.7840027139058835,1
0.9001022485257358,0.36065701652652216,1
1.5872958445991645,0.0978953425072648,1
1.0267570884161472,-1.5403690477847203,1
-0.5988700611236737,-0.760152385882196,1
0.23589592118557182,-0.39780706854502457,1
-1.044921239184337,1.6403739910602373,1
-0.9579552163764152,1.3628391420181827,1
0.04789703091161347,0.2789275692837989,1
-1.5548505718494352,-0.8158890016462798,0
-1.4844387916889106,-0.29521158167044775,0
1.6363798250172559,-0.8594702133423814,1
-0.18867037507138934,-0.2809190420083467,1
-0.6556974256827628,-1.4454884613684706,0
1.0060442563829664,1.1290810859819893,1
-0.11533121143567612,-1.0012411736118987,1
0.5341008470648364,0.9849179886786781,1
1.1341291901165338,-1.0370333722580503,1
0.9872099146749308,1.1536553658889803,1
-0.18778291862389274,1.3560168930892373,1
-1.471486896679398,-0.6700099978690212,0
-1.46949272796827,-0.9844347138768613,0
1.5347703953710703,-0.8708395282146342,1
-0.4125920792867506,-0.1845353483739251,1
0.08266442870058859,0.3702452786239437,1
0.7001455415176825,-1.4629967450296881,1
0.06497407567145037,1.6826003021101177,1
0.014694352158282874,1.7455741415721973,1
0.43037000831466715,-0.783091490264855,1
-0.5381485249709453,-0.05240741904374903,1
-0.8589330980504527,0.9757443824712683,1
1.833150024985457,0.13220927438722926,1
-1.0171052706256072,0.3694503870756395,1
-1.3125269631348848,-0.48007301358331406,0
0.7764515431763868,1.750528107526378,1
1.786725900565268,0.6095458890159637,1
1.7439423498664164,-0.7308275347232057,1
-0.6771170124719931,-1.2821792626036033,1
-1.3653522764317405,0.06640922442306524,1
-0.21024525072305167,1.1780187621759188,1
1.205797147281589,0.4538697897813191,1
-0.46052702272415497,1.0309797264122835,1
-1.229931728285021,0.3066795590143186,1
0.28530209442953075,-0.0026294935744628775,1
-0.7425595011685426,-0.943177827724082,1
-0.9338523014132585,1.1156509006129247,1
-1.7774905651144635,0.5246359903500232,1
-0.9339828062560077,1.0733208270962957,1
0.6484680636942517,0.06513216485615483,1
-0.6456285373017202,1.3420164056466597,1
0.32254864158868324,1.2853695679958765,1
-1.6686587234755652,-0.11132064711442231,0
-1.0578327110356334,0.4232261219731574,1
0.19593093117364396,-0.19685232670629768,1
-1.0164085624106234,0.816835703654805,1
0.8867884377732459,1.3994321978881117,1
-0.43461381730824794,-0.9272031311908439,1
-0.34264728981509696,1.1853247335897898,1
-0.5394757637040781,-0.6798581507400571,1
0.9777623294685325,1.0706891250248547,1
0.11517099711238128,-1.215029153886551,1
0.4573680277107055,0.12471942799351485,1
0.4480145359594571,0.7469057091178397,1
-0.933574049503392,1.7260872770765594,1
0.9530096216405595,0.5164326844839373,1
-1.1843137934229793,0.49806038811547354,1
-0.7018248753894063,0.41639174746207325,1
-1.6259408548304235,-0.4143075241140522,0
0.4003380181498847,0.7407761301264457,1
1.1048743146083382,1.1648713400623576,1
-1.0718630055370193,-0.7974317620924035,0
0.8318845692168274,0.08981475732379425,1
0.13317912732466464,-1.895776313944149,1
0.4097071666880506,1.7950623610914682,1
-1.2824934634607925,0.09188742929925442,1
0.5645755584920413,0.36847035184454574,1
0.39759681821981896,0.9267827516903244,1
-1.3678621919525005,-1.2716942203054007,0
-1.4747945138598872,-0.9061397095759259,0
0.6312454359629126,0.9114215221320013,1
0.7557207243368247,1.7977943025558683,1
-0.004117395775328729,-0.9090509914055126,1
-1.3665819632597127,-0.6747501334875224,0
-1.7539931814880894,-0.4761336505857972,0
-0.5024272914803226,1.037958598372312,1
1.0814491415243164,-1.1383756927700384,1
0.3548486247033291,0.6512019870619005,1
-0.28652439372686117,1.5332103942059987,1
1.4446841344795411,0.6445634705737008,1
0.1351879301814756,-0.12375305504521107,1
0.9248276998797285,-1.059783778273666,1
0.7644464534502107,1.3129168961150615,1
0.27609768544574975,1.8316607932107878,1
1.2451651958011722,-0.19462029484666013,1
1.3121246973161378,-0.9108379501514623,1
-1.395024253439417,-0.702916329102267,0
-0.7749924154798705,1.3667373036878012,1
-1.5563875252712707,-1.0892620888528177,0
-1.5269918347327338,-0.9141939877551785,0
0.6044476384344607,-1.090139117214617,1
0.6552565175018128,-1.3227803870120598,1
1.1003259700864612,-0.14645045921562785,1
-1.2273714900652812,-0.3524873104333354,1
0.9939802834182578,0.16502818392648264,1
1.7428666502640482,0.7727785812999126,1
0.21883101237473507,-1.5739435131868844,1
0.18810304309727058,-1.448753144414625,1
0.3319609164987902,-0.6521151245659442,1
-0.3816416763534209,0.9602453493482908,1
0.015228308412617702,0.25073482843011125,1
1.0859117151659095,0.45441674587323455,1
0.5477654013964134,-1.4096629943673118,1
0.8448035614123323,-0.8006720409621051,1
-0.17148373814329976,-1.519977325181282,1
1.4387294179248478,0.8724563843205722,1
0.5014113287761297,1.5394980277259884,1
1.5952329450591378,0.0948798842177202,1
-0.5830196830216035,1.1092818511174263,1
0.1367274799898889,1.0708395453486066,1
-0.9341852131761615,1.483470667786208,1
-0.2960501541540432,-1.5749061785355802,1
-0.046338982365943956,-1.2625184845606576,1
-1.217857747140084,0.4990542584167191,1
-0.7606391865776292,0.16739548548767383,1
1.3734823557069553,-0.7585488737238097,1
-1.4815117327575598,-0.2828746292310317,0
0.26127623673093886,-1.7412364188053038,1
-1.3044059127439582,-1.1952962184081042,0
-0.9311631698574132,0.214493754272683,1
0.44451536385426493,-1.3556130030687992,1
-1.194738341253035,-1.0407491233690667,0
0.025486410410405624,-1.1714347201459074,1
0.6236786195636735,1.7151739836389404,1
-0.4361047975967637,0.08140004480434063,1
-0.39621534484335624,-0.04271600029983938,1
0.12858612527443514,-1.6793235992057707,1
0.4767289308917417,0.9125336255767242,1
-1.0735283555676498,1.488050932511183,1
-0.4502866674427337,-0.3861245600957286,1
-0.9418293193539565,0.21392886182843174,1
0.10378020252717955,-0.34701913162858766,1
1.4257749831497633,0.7405824439818641,1
-0.6273709170030833,-1.1444357624472303,1
-1.7775007898619717,0.04759455967923628,0
0.4906881634924975,-0.6052961950258414,1
-0.9054449015729239,-0.24196280960758226,1
1.2772481567788525,-1.1813552236203444,1
0.30586447936464867,-1.849098432615682,1
0.1802599431652683,-0.7458451367817648,1
0.15013002218114876,-1.6817874926345835,1
-1.317799508480373,1.1476384578106207,1
0.29939137731831017,-0.6788100516498704,1
1.8700896541723142,0.39614465129153476,1
-1.472232351130847,-0.06304552935147756,1
0.8458093585060711,-1.3462236895970263,1
-1.0328088270577431,-1.534433593079871,0
-0.1188294533547665,0.6429563671324544,1
0.13571290803081262,0.9150001794247621,1
-1.8305244055114496,-0.07563485505533239,0
-1.846527822724693,-0.23208013439945868,0
0.35513427103642403,1.85636583538056,1
-0.5951293441571284,-1.7649605874678471,0
-0.1905572079817638,-0.13693703944839974,1
-1.0985570057692031,-1.5105341252489868,0
1.3791511233644993,1.1207170220613774,1
1.5175645678995842,0.5208548248848314,1
0.7647345450940882,1.3481146951175287,1
1.092473003588655,-0.7450940904735297,1
-0.013999238651823478,1.2407137465245681,1
0.7344130481701797,0.8975922031304167,1
1.324226327356814,-0.740221027453769,1
1.3325789969013515,1.3249931077608106,1
-0.7707496915652698,-1.4622704701579077,0
-1.379131896921888,0.8565660521136966,1
1.561228275258504,-0.015431214737212854,1
0.45926004938086784,-0.17231573596921326,1
-0.8546635818245888,-1.7817303731211591,0
-1.6650441836145233,-0.345223766840182,0
1.1721984988572693,-0.34577746415797583,1
-0.9063278188251097,1.5089429382436832,1
0.3779978555453071,-0.03467011753816473,1
-0.9656450464670433,1.7055600838771268,1
-0.1578416165879858,1.9462003982729346,1
0.07120314800486416,-0.7788459054785838,1
0.16331626796504475,1.9665410429103791,1
0.6948889907228225,-1.755785570834204,1
-0.6972847704308255,-0.5374771374685452,1
0.3199489083758062,-0.07360807029097965,1
0.43118535892071297,0.5081030292551793,1
-1.579899540759586,0.9607109942016545,1
0.02377958578506872,-1.9105517617907355,1
-0.2113338752679587,-1.8779098703079478,1
1.2640969456718119,1.3196493921467265,1
-0.9075062429729441,1.7120283600663544,1
-0.9792362754170074,-0.8244955226444032,1
-0.2788714567733831,1.2318658734586818,1
-0.06492039521386284,-1.2060322029946435,1
-0.9192613255873595,1.5028749217308517,1
1.4887205546502065,0.09945939589997575,1
1.941556506487742,-0.297853115397474,1
0.2868708706569825,1.0414856576406257,1
-0.4295215384844211,-1.0296834545331484,1
0.696010790959244,-1.474129944088469,1
-0.25226462234261743,-1.5001824357459717,1
0.2501757237100491,1.8831804350783121,1
1.8150293451768618,0.14207235360979154,1
-1.675586691851622,-0.4873677293120765,0
-0.22694292956701642,0.0370914951490838,1
0.21274051089795198,-1.3887361048573874,1
-0.3178003065093652,-0.4079846742091217,1
-0.11600098653318106,0.0315214921159997,1
-1.0291771646066261,0.07443109923507023,1
-0.048958120352119175,0.14655368791859041,1
-0.44293622041668684,-1.5535696467481996,1
-0.42550152482518794,-0.032255707240975956,1
0.6565665525213917,-1.7133773974153454,1
-0.8010866398050142,0.7138961396324751,1
0.2469831881654071,-0.3900975931927669,1
0.5759054063600747,-1.6214830414501675,1
-0.5277113179727743,1.4265200868571417,1
0.9758927457271562,1.2505597792649292,1
0.16400444550123536,0.503649132971103,1
-1.1965318766059991,0.26009585846303007,1
0.003315816387381265,-0.37102007140095117,1
-1.3830847560952997,0.5612538979818829,1
-1.2523822143989487,1.2804282791460988,1
0.4990203480501444,-1.1945259269086266,1
0.4684668844755985,-0.5027514463477685,1
1.140218981282995,1.2812046938919852,1
-0.18250245787864033,-1.7252822875724971,1
-0.2537184749261495,1.6830985327242876,1
-0.5017550965137952,-1.9254223604207925,0
0.22772467867786036,0.9470153723826424,1
-0.8858162246780734,1.1583166426068767,1
1.495270121653942,-1.2900682883457322,1
-0.45087955811784497,-1.5620790296512588,1
1.4312257686216174,-0.8001208770257507,1
0.2541815924086718,-0.9619371792630524,1
0.754799562027964,0.8868400627663616,1
0.481370262226002,1.2111266841184785,1
0.10701620914130558,-0.425001866222327,1
-0.010956036465435477,0.5186621365027232,1
1.2018718924904546,-1.3744736858514117,1
-1.3784301326481523,-1.387045694968518,0
0.3704490562175223,0.017635724341712393,1
-0.8628813411737818,-1.5010805532308569,0
0.386636448745487,-1.3140300783240324,1
1.0135884922799987,-0.4271962667437271,1
-1.8287671003783756,0.2346289135358817,0
1.193094640586794,1.591022534769218,1
-0.19774829271768574,0.7126093991159203,1
-1.0927551457466833,1.0672788348291,1
0.47250330202250934,0.4800270921295089,1
-0.8433199604137425,1.7892560009949319,1
-1.0822896655864476,-1.6010620542937217,0
0.3359606336574095,-1.1270225904446418,1
0.4494299176914499,-1.7212836912518041,1
0.2592559619136223,0.7164894295417108,1
1.5645599338983873,-0.2449064510583755,1
0.42257877908964653,1.649905041063803,1
-0.9197674882219741,0.651952473866456,1
1.735944491536163,-0.6085603029530647,1
-0.9369904568525388,0.43122077606156045,1
-0.7379781487627272,0.2326237997623729,1
0.5636889903237868,1.0984491629018402,1
1.5552174518480144,0.0440491486130875,1
0.5912967274663299,0.4344128767794006,1
-0.26837349739551974,-0.48152157726551387,1
-0.59716719440541,1.1953811403320147,1
-0.22228950625821298,-0.3071267373713618,1
0.2654171194232416,1.8908298060331838,1
0.07325565362305682,-1.7459074991347556,1
-1.2811079471799685,-0.7636452190495341,0
1.289097262997685,-0.8926539841373026,1
1.1143369258042743,-1.3852663108348189,1
-0.4609804111800716,1.8072006631048587,1
-0.3392448361857413,0.4984907326344125,1
-0.2181612568417158,1.9541810709445226,1
0.18344273598910493,1.8812518041065356,1
1.6958074041537323,0.07908290056805053,1
0.2982439640455293,0.36420940088313997,1
-1.6519251509948651,0.5723869322824784,1
0.8960744941996099,0.20168892959247045,1
-0.9018116995173,1.0992598819625987,1
1.8166862489998317,0.8369031067993578,1
1.2582524878129344,-1.2332900930398345,1
0.4911984479964826,0.6542266714151397,1
-0.0651914767255335,-1.3891555223499874,1
0.6928059199644709,-0.7386933549491758,1
-1.913639767823642,0.18150993571677163,0
1.3112059450543443,-0.3436008033907223,1
-0.4149282756637828,1.4991516607204087,1
-1.5819202691745786,1.1797471588548882,1
-0.9805252253990143,-0.9073995474849248,1
-1.2067072259170453,-0.1415436647440862,1
1.5898384556197165,-0.8644484884005181,1
-0.23200166394786356,-1.7134861999828208,1
1.4468800110372713,-1.2402864996272265,1
-1.3199310666099326,-1.1329556628603454,0
1.866223475709045,-0.08266112286952253,1
-0.671709614593884,-1.528754678285898,0
-1.5645633651585824,-1.0911142201126718,0
-0.7984917746479435,1.316890045914256,1
0.742879613031144,0.6277564463217923,1
-1.0820026097272462,-0.41097821743699053,1
-1.0888650293992606,-0.5217109823137828,1
0.796072649871106,-0.24246446409275682,1
0.7545790357979898,0.953360112062629,1
-0.7021662620812849,-1.7558048810123188,0
0.5427618051409521,-1.1275844000561295,1
-0.6343107759836035,-1.604836768502329,0
-1.4757563555240611,0.600657178314215,1
-0.7033272984856977,-0.6129616054541269,1
-0.3282808122241299,-0.11139722490979936,1
-1.3960828682143316,-0.4743713040459878,0
0.36589410773802256,-1.8754660215992176,1
-0.8176766947324305,1.0999568027527504,1
-1.6240622585983278,-0.38325349383436075,0
-0.8971631248693415,0.48307812339689515,1
-1.7889203734611123,0.7897679249219417,1
1.2885709272651467,0.9825985898665897,1
0.9755476608121277,0.5273866024406811,1
-0.3037125101875272,-1.060705639674813,1
-1.3531637813193416,0.2677111187349081,1
0.5027330899097184,-1.278786482356634,1
0.5223314367793187,-0.46172788054847463,1
-1.5540917890374206,-1.115498886737449,0
-0.06944761457292307,-0.10109122515065554,1
0.03301670831479487,0.050667633133060476,1
-0.225865820056147,-0.46861940430790044,1
-0.9395740921532658,0.9998163378805857,1
-1.135431715516427,1.3226692507566842,1
0.8196599093284244,1.129023595202403,1
0.24795975523697433,0.38649902542545356,1
-0.03047397883535678,1.1042768989411242,1
-0.36784949112481274,1.6393382599300002,1
-0.6585773507414217,-0.8859432070742977,1
-0.7304504699356468,-0.7364991227362774,1
-0.5288892975035653,-0.30098999629242607,1
-0.782248579555491,0.8135274641748776,1
1.2612467059957237,-0.8242873947447064,1
0.33948904019251447,0.27084967571479907,1
-1.258467076668631,-0.3832295276587564,1
-1.8880339789887826,0.023090173944093798,0
1.346668227190941,-0.017158011148266265,1
0.38851782918065514,0.3150102943183441,1
0.4124697455354696,1.6309659828041005,1
-0.6254754565981284,-0.7243920436513254,1
0.7490548379724803,-1.226657803658209,1
-1.4937587316438317,-0.20676501982768897,0
-1.1082151501281592,-0.27963950078848254,1
1.7808409035960377,0.11885125817289745,1
0.549685068050084,0.16665313556514946,1
-1.628910732308749,-0.6252420503429015,0
0.25871067487681,1.2086142440471814,1
0.277821091459348,-1.9839997521697486,1
1.9204046515281916,0.017719684636294804,1
1.2453607151556076,1.26780020631483,1
1.4348292332317973,-0.5765870612369968,1
-0.26235532041078313,0.28425469893016747,1
-0.8984405001038412,0.6958009532640569,1
-1.9069507450905734,0.262866837061054,0
1.662795964469072,-0.43654060762936797,1
1.0812404181020139,0.2152230941106562,1
-0.39740858437873844,0.8967379204795984,1
1.04185188366114,1.5208289372485755,1
-1.6081298465839047,0.6998505447396374,1
0.572646504488244,0.3598010786078666,1
1.1189493268793524,0.28842496962850755,1
0.4602000167059993,-1.374574754812292,1
1.0207690682010495,-0.4113590505625142,1
-0.5217503961387172,0.535040906736354,1
-0.4738316815469632,0.07963623119445021,1
1.106498974890532,1.2026258065100948,1
1.5486344410598827,0.9419684927023068,1
0.8343979156681252,0.56133711132107,1
0.6025883338876059,-0.7068698155329415,1
-1.725307925477468,-0.7445044317772558,0
1.0676852196387097,1.2870064834044894,1
-1.2514608170536843,-0.942039534138589,0
-0.5891616998644182,0.11895089325326291,1
-0.7721341573465732,-0.9247074443863403,1
-1.156506671364382,-0.4968636880395404,1
0.28862222677804517,-1.5734101954078725,1
0.21387531892598305,-0.14785210508675606,1
-0.03365861739033284,0.8632041700973915,1
-1.0415687978929944,0.16401681137566493,1
-0.577137351636428,1.3174271750794062,1
-0.873683753726799,-0.20597681261553782,1
0.23434883388269664,-1.6188462773250394,1
1.318189574479,1.2781053266755746,1
-0.9205461119841938,-0.023999602022701034,1
0.47970218142374965,1.5940925045702168,1
0.4031639021847459,1.111373777253173,1
-0.4514277779199136,-0.987023127186674,1
0.30292498504750126,0.26984479841405196,1
-0.26794832259378754,1.4042816899093398,1
-0.7361168961653244,-1.6073793935228124,0
0.48235147071876305,-1.8825623749316687,1
-0.15486221483126442,1.5131739704754692,1
0.4480675474360233,-1.5023184782280543,1
1.2511575796405967,-1.2382445731248457,1
-0.9692135826361307,0.32602853372952223,1
0.5959024715093312,1.1458393236248179,1
0.013772819058141598,-1.5576703467714283,1
-0.33602968279904816,0.18587701939466894,1
0.720437221268088,0.48568333118788937,1
-1.4544358939154671,1.2464712114264214,1
1.2372922512303983,0.3725332445087856,1
1.8139914941472968,0.8223582527157866,1
0.8477874977742448,1.188580964332585,1
0.05399923600866066,-1.74021324912181,1
1.4406565571569767,0.2790488057436081,1
0.6792275051404706,-1.0905024566917187,1
0.12743872321784327,-1.3081677852829647,1
1.3508865011041582,-1.2445886769134782,1
0.8959564328642617,0.8272664725195523,1
0.8766735953838747,0.9558393109882355,1
0.4985893803473454,-0.8674092427559379,1
1.1671165665031307,1.2790497241286043,1
-0.7811963628114905,0.18149048431379208,1
0.050801395071295254,1.7720181138891435,1
0.08698803536702877,1.2921358384611576e-05,1
-1.8290981290424786,0.7349911245842645,1
1.2200471232549306,1.4863303882831918,1
0.627733219358863,1.2460838873783504,1
-0.10307376402100175,-0.30247398675234344,1
1.189730757555008,-0.32909747257691346,1
1.556046968021981,-1.0297431758348292,1
1.4731058699546784,1.3395682334119694,1
-1.7683702793348863,-0.7975788035836764,0
0.2413313038858567,-1.1504090211902196,1
0.8206730902809768,0.5977277482402051,1
-1.1260613645980362,1.490937698155462,1
-0.7520614213382905,-0.5641623827046822,1
1.7383910599185235,-0.05197859135118929,1
-0.6657723463525724,-1.5044844779220328,0
0.33179865468013703,-0.05690163989461417,1
-1.090272788147714,-0.1810677516516035,1
-1.3339790579468678,0.06103282887568015,1
-0.11214616244496539,0.3980103061776325,1
-0.5061295560489045,-0.037311111878312736,1
-0.10726474686728342,-1.4720658898773722,1
-0.9974260470884594,1.6390901804357294,1
0.49585772229132064,0.18268360488003857,1
0.10862076128074243,-0.3354265834367565,1
0.601910896541898,-0.09022156014965205,1
